"obs","time","elapsed","date","hhmmss","averaging","species","plot","instrument","bb index","TIME","E","Emm","A","Ca","Ci","Pci","Pca","gsw","gbw","gtw","gtc","Rabs","TleafEB","TleafCnd","SVPleaf","RHcham","VPcham","SVPcham","VPDleaf","LatHFlux","SenHFlux","NetTherm","EBSum","Leak","LeakPct","CorrFact","CorrFactPct","Fan","DarkAdaptedID","Qmax_d","Fo","Fm","Fv/Fm","A_dark","LightAdaptedID","Qmax","Fs","Fm'","PhiPS2","PS2/1","Qabs_fs","A_fs","ETR","PhiCO2","NPQ","alt. Fo'","DarkPulseID","Fmin","Fo'","Fv'/Fm'","qP","qN","qP_Fo","qN_Fo","qL","1-qL","Qin","Qabs","alpha","convert","S","K","Geometry","Custom","TIME.1","CO2_s","CO2_r","H2O_s","H2O_r","CO2_a","H2O_a","Flow","Pa","DeltaPcham","Tair","Tleaf","Tleaf2","Offset","Offset2","Fan_speed","Qamb_in","Qamb_out","DeltaCO2","CO2_s_d","CO2_r_d","DeltaH2O","CO2_b","H2O_b","e_s","e_r","Td_s","Td_r","Q","f_red","f_blue","f_farred","F","Q_modavg","F_dc","Pc","Tled","TDigital","TPreamp","TPwrSpy","TDrive","Q_red","Q_blue","Q_farred","TSPF","state","F_avg","dF/dt","dF_dc/dt","F_dc_avg","period","time.1","hhmmss.1","co2_t","h2o_t","count","co2_adj","h2o_adj","co2_match","h2o_match","co2_at","h2o_at","co2_cv","h2o_cv","A:MN","A:SLP","A:SD","A:OK","gsw:MN","gsw:SLP","gsw:SD","gsw:OK","Stable","Total","State","Vflow","VPchamber","abs_c_a","abs_c_b","abs_h_a","abs_h_b","Wc_s","Wc_r","Wco_s","Wco_r","Ww_s","Ww_r","Wwo_s","Wwo_r","Flow_s_v","Flow_r_v","Tleaf_mv","Tleaf2_mv","Tleaf_j","Tleaf2_j","Console_RH","Console_T","Console_H2O","Fan_%","Flow_%","Pump","Tchp_pwm","Txchg_pwm","diag_20v","diag_5_4v","diag_12v","diag_5va","diag_3_3vf","AccH2O_des","AccCO2_soda","AccH2O_hum","CO2_hrs","ADC_CH1","ADC_CH2","ADC_CH3","ADC_CH4","ADC_CH5","ADC_CH6","ADC_CH7","ADC_CH8","DAC_1","DAC_2","DAC_3","DAC_4","GPIO","GPIO_dir","excit_5v","power_12v","power_5v","ch1_pullup","AuxPower","MatchValveR","MatchValveS","MatchCO2","MatchH2O","cf_co2_a","cf_co2_b","cf_co2_c","cf_co2_d","cf_h2o_a","cf_h2o_b","cf_h2o_c","cf_h2o_d","co2_fit_low","co2_fit_high","h2o_fit_low","h2o_fit_high","co2_elapsed","h2o_elapsed","DIAG","Flow_s","Flow_r","Txchg","Tirga","Tchopper","Ts","Tr","CO2_%","Desiccant_%","Humidifier_%","Txchg_sp","CO2_r_sp","H2O_r_sp","SS_s","SS_r","user_remark","oxygen","file_name"
"SysObs","SysObs","SysObs","SysObs","SysObs","SysObs","UserDefCon","UserDefCon","UserDefCon","UserDefVar","GasEx","GasEx","GasEx","GasEx","GasEx","GasEx","GasEx","GasEx","GasEx","GasEx","GasEx","GasEx","GasEx","GasEx","GasEx","GasEx","GasEx","GasEx","GasEx","GasEx","GasEx","GasEx","GasEx","GasEx","Leak","Leak","Leak","Leak","Leak","FLR","FLR","FLR","FLR","FLR","FLR","FLR","FLR","FLR","FLR","FLR","FLR","FLR","FLR","FLR","FLR","FLR","FLR","FLR","FLR","FLR","FLR","FLR","FLR","FLR","FLR","FLR","FLR","LeafQ","LeafQ","LeafQ","LeafQ","Const","Const","Const","Const","Meas","Meas","Meas","Meas","Meas","Meas","Meas","Meas","Meas","Meas","Meas","Meas","Meas","Meas","Meas","Meas","Meas","Meas","Meas2","Meas2","Meas2","Meas2","Meas2","Meas2","Meas2","Meas2","Meas2","Meas2","FlrLS","FlrLS","FlrLS","FlrLS","FlrLS","FlrLS","FlrLS","FlrLS","FlrLS","FlrLS","FlrLS","FlrLS","FlrLS","FlrLS","FlrLS","FlrLS","FlrLS","FlrLS","FlrStats","FlrStats","FlrStats","FlrStats","FlrStats","MchEvent","MchEvent","MchEvent","MchEvent","MchEvent","MchEvent","MchEvent","MchEvent","MchEvent","MchEvent","MchEvent","MchEvent","MchEvent","Stability","Stability","Stability","Stability","Stability","Stability","Stability","Stability","Stability","Stability","Stability","Raw","Raw","Raw","Raw","Raw","Raw","Raw","Raw","Raw","Raw","Raw","Raw","Raw","Raw","Raw","Raw","Raw","Raw","Status2","Status2","Status2","Status2","Status2","Status2","Status2","Status2","Status2","Status2","Status2","Status2","Status2","Status2","Status2","Status2","Status2","Status2","Status2","Auxiliary","Auxiliary","Auxiliary","Auxiliary","Auxiliary","Auxiliary","Auxiliary","Auxiliary","Auxiliary","Auxiliary","Auxiliary","Auxiliary","Auxiliary","Auxiliary","Auxiliary","Auxiliary","Auxiliary","Auxiliary","Auxiliary","MchStatus","MchStatus","MchStatus","MchStatus","MchStatus","MchStatus","MchStatus","MchStatus","MchStatus","MchStatus","MchStatus","MchStatus","MchStatus","MchStatus","MchStatus","MchStatus","MchStatus","MchStatus","Status","Status","Status","Status","Status","Status","Status","Status","Status","Status","Status","Status","Status","Status","Status","Status","add_latest_remark","in","read_gasex_file"
"NA","s","s","NA","NA","s","NA","NA","NA","NA","s","mol m^(-2) s^(-1)","mmol m^(-2) s^(-1)","micromol m^(-2) s^(-1)","micromol mol^(-1)","micromol mol^(-1)","Pa","Pa","mol m^(-2) s^(-1)","mol m^(-2) s^(-1)","mol m^(-2) s^(-1)","mol m^(-2) s^(-1)","W m^(-2)","degrees C","degrees C","kPa","%","kPa","kPa","kPa","W m^(-2)","W m^(-2)","W m^(-2)","W m^(-2)","micromol s^(-1)","%","NA","%","micromol s^(-1)","NA","NA","NA","NA","NA","micromol m^(-2) s^(-1)","NA","NA","NA","NA","dimensionless","NA","micromol m^(-2) s^(-1)","micromol m^(-2) s^(-1)","micromol m^(-2) s^(-1)","micromol micromol^(-1)","NA","NA","NA","NA","NA","NA","NA","NA","NA","NA","NA","NA","micromol m^(-2) s^(-1)","micromol m^(-2) s^(-1)","NA","J/micromol","cm^2","NA","NA","mol m^(-2) s^(-1)","s","micromol mol^(-1)","micromol mol^(-1)","mmol mol^(-1)","mmol mol^(-1)","micromol mol^(-1)","mmol mol^(-1)","micromol s^(-1)","kPa","kPa","degrees C","degrees C","degrees C","degrees C","degrees C","rpm","micromol m^(-2) s^(-1)","micromol m^(-2) s^(-1)","micromol mol^(-1)","micromol mol^(-1)","micromol mol^(-1)","mmol mol^(-1)","micromol mol^(-1)","mmol mol^(-1)","kPa","kPa","degrees C","degrees C","micromol m^(-2) s^(-1)","NA","NA","NA","NA","micromol m^(-2) s^(-1)","NA","NA","degrees C","degrees C","degrees C","degrees C","degrees C","micromol m^(-2) s^(-1)","micromol m^(-2) s^(-1)","micromol m^(-2) s^(-1)","s","NA","NA","min^(-1)","min^(-1)","NA","s","secs","NA","s","s","NA","micromol/mol","mmol/mol","micromol/mol","mmol/mol","micromol/mol","mmol/mol","%","%","micromol m^(-2) s^(-1)","micromol m^(-2) s^(-1) min^(-1)","micromol m^(-2) s^(-1)","NA","mol m^(-2) s^(-1)","mol m^(-2) s^(-1) min^(-1)","mol m^(-2) s^(-1)","NA","NA","NA","NA","V","V","NA","NA","NA","NA","NA","NA","NA","NA","NA","NA","NA","NA","V","V","mV","mV","degrees C","degrees C","%","degrees C","mmol mol^(-1)","%","%","NA","V","V","V","V","V","V","V","mg","mg","mg","hrs","V","V","V","V","V","V","V","V","V","V","V","V","NA","NA","NA","NA","NA","NA","V","%","%","micromol/mol","mmol/mol","mmol/mol","NA","NA","NA","mmol/mol","NA","NA","NA","micromol mol^(-1)","micromol mol^(-1)","mmol mol^(-1)","mmol mol^(-1)","min","min","NA","micromol s^(-1)","micromol s^(-1)","degrees C","degrees C","degrees C","degrees C","degrees C","%","%","%","degrees C","micromol mol^(-1)","mmol mol^(-1)","%","%","NA","percent","NA"
"1","1629729048.1","0","20210823 09:30:48","09:30:48","0","soybean","1a","ripe4","5.98277866464289","1629729048.1","0.00531733176878485","5.31733176878485","35.4004731264713","415.054","252.180436276667","25.029163683587","41.1945298251858","0.388188549953842","2.91744748007197","0.361607454562079","0.22824100921767","321.513839861459","31.2342183076967","31.0248","4.51776148914179","70.145283284868","3.1144188895486","4.43995482476077","1.40334259959319","-234.494331003412","-47.8776844492925","-3.68057806533406","35.4612463434207","0","0","1","0","51866.5261263787","RECT-12243-20210724-05_20_30","10238.9","302.212","4052.3","0.925422105964514","-0.323430118240924","MPF-13020-20210823-09_30_24","10175.2","813.23936","1311.01","0.379684853662443","0.5","1681.22159992822","35.4004731264713","319.167188571442","0.0212487772261774","2.09097565998734","261.442508502275","DARK-13021-20210823-09_30_32","577.48","577.48","0.55951518295055","0.678596158303001","0.788901295606679","0.493429447718968","0.730993512685569","0.481870072664482","0.518129927335518","2000.03","1681.22159992822","0.840598190991244","0.1607545086131","6","0.5","0: Broadleaf","2","1629729048.1","415.054","460.180326208799","31.3792152324165","25.199","423.077","31.3206","500.029","99.1511","0.0999127","30.7204","31.0248","999.9","0","0","10016.2","0","1212.26","-41.0426","428.469","467.887","6.11099","456.096","25.199","3.10442","2.49851","24.5988","21.0168","2000.03","0.980008","0.019992","0","812.873","5.00012","16758.9","17385","50.75","51.812","51.375","51.75","52.437","1955.15","39.88","0","1741.59999990463","0","813.23936","-2.82038463673952","-46.3692307807759","16760.676","15","1629727914","09:11:54","1629727913.5","1629727914","15","0.249","0.015","-8.247","-0.109","465","21","0.03","0.01","32.3564601809227","-0.411213851960851","0.241976451337632","1","0.40053952844948","-0.0143801222031658","0.0126219102240541","0","1","2","1/2","2.93026","2.74035","0.0939337","0.101027","0.138439","0.120708","28135.8","27567.4","28304.3","28101.4","33588","34765.1","42784","43849.5","1.74088","1.90628","0.0572801","0","30.0935","999.9","60.487","33.083","30.9646","62.2065","28.73","1","0.9247","3.48436","20.303","5.273","12.0878","5.01155","3.292","9999","9999","9999","999.9","1.87213","1.87285","1.87242","1.87633","1.86996","1.87308","1.87301","1.87436","5","0","0","0","11111111","oooooooo","off","off","off","off","0","100","100","-8.023","-0.0106","-5.96386744038131","-0.00522648535208131","8.80926177612275e-07","-7.15438165096332e-11","-0.0106457764173329","0","0","0","3","2051","1","25","18.9","18.9","18","516.366","545.878","26.9995","37.9193","30.0004","37.9254","37.8741","23.7008","21.8007","40.2594","27","456.019","25.1919","99.2185","97.2628","Stability Definition: gsw (GasEx): Slp<0.004 Std<0.004 Per=180 A (GasEx): Slp<0.5 Std<0.5 Per=120","21","C:/Users/eloch/Documents/RLib-4.4.2/PhotoGEA/extdata/ball_berry_1.xlsx"
"2","1629729495.6","447.5","20210823 09:38:15","09:38:15","0","soybean","1a","ripe4","3.91340540509478","1629729495.6","0.00377545993908577","3.77545993908577","22.9966351703772","414.961","280.879705796757","27.8794154319637","41.187988552773","0.304486927123437","2.90837498594009","0.287820872973851","0.181309366598802","177.80933975109","30.4810985259467","30.2991","4.33419480982892","70.6151403573751","3.08082800583626","4.36284342174291","1.25336680399265","-166.497783313683","18.0315759078305","1.38342255347444","30.7265548987125","0","0","1","0","51661.2606049543","RECT-12243-20210724-05_20_30","10238.9","302.212","4052.3","0.925422105964514","-0.323430118240924","MPF-13022-20210823-09_37_51","10194.8","887.663384615385","1931.49","0.540425586145729","0.5","925.013999871031","22.9966351703772","249.950616536654","0.0252104998322939","1.09801759263574","279.337643809205","DARK-13023-20210823-09_37_59","624.87","624.87","0.676482922510601","0.798875430794428","0.618775584038186","0.640668207257825","0.565536062087076","0.562367783883312","0.437632216116688","1099.8","925.013999871031","0.841074740744709","0.161674249637289","6","0.5","0: Broadleaf","2","1629729495.6","414.961","444.435726624074","31.0387449120467","26.649","422.752","30.8816","500.021","99.1573","0.100193","30.4141","30.2991","999.9","0","0","9963.75","0","1252.53","-33.2331","428.16","460.465","4.17681","448.194","26.649","3.05661","2.64245","24.3395","21.9315","1099.8","0.964014","0.0359863","0","888.627","5.00012","10114.9","9482.4","48.875","51.375","50.312","51.375","51.062","1055.4","39.4","0","447.099999904633","0","887.663384615385","6.72731622841004","77.1487177494549","10107.4230769231","15","1629729227.1","09:33:47","1629729222.6","1629729227.1","16","0.231","-0.045","-7.946","-0.056","449","26","0.08","0.01","26.1419079362066","0.0419189448012345","0.0684100167689109","1","0.284731802656709","-0.00335536724738391","0.00395713975754206","1","2","2","2/2","2.92995","2.74016","0.0937705","0.0996215","0.136978","0.125323","28116.5","27580.7","28282","28073.2","33618.4","34552.3","42748","43809","1.73363","1.8982","0.00281259","0","30.2534","999.9","60.682","33.445","31.7002","62.1765","28.5337","1","0.96909","3.65375","20.3069","5.27584","12.0878","5.0121","3.292","9999","9999","9999","999.9","1.87214","1.87285","1.87245","1.87634","1.86996","1.87306","1.87302","1.87438","5","0","0","0","11111111","oooooooo","off","off","off","off","0","100","100","-7.791","-0.0558","-5.73320442361645","-0.00522648535208131","8.80926177612275e-07","-7.15438165096332e-11","-0.055800000000005","0","0","0","3","2051","1","25","4.5","4.5","18","514.488","543.648","26.9982","38.4095","30.0006","38.403","38.3498","23.4051","19.2976","42.3816","27","448.233","26.5953","99.1373","97.17","Stability Definition: gsw (GasEx): Slp<0.004 Std<0.004 Per=180 A (GasEx): Slp<0.5 Std<0.5 Per=120","21","C:/Users/eloch/Documents/RLib-4.4.2/PhotoGEA/extdata/ball_berry_1.xlsx"
"3","1629729851","802.900000095367","20210823 09:44:11","09:44:11","0","soybean","1a","ripe4","4.33905374810308","1629729851","0.00327348352897684","3.27348352897684","25.4301055393824","415.024","256.753457450449","25.4855441664457","41.1955990278192","0.280427948953118","2.91435226866483","0.26625315604387","0.167622043452133","129.97939908778","30.0144632508288","29.7933","4.21012775535357","70.8141552918017","3.03428728180806","4.28485981270944","1.1758404735455","-144.360623627879","48.1097029214288","3.66859133967708","37.3970697210075","0","0","1","0","51884.9013660472","RECT-12243-20210724-05_20_30","10238.9","302.212","4052.3","0.925422105964514","-0.323430118240924","MPF-13024-20210823-09_43_47","10208","927.32264","2372.39","0.609118804243822","0.5","673.178524294187","25.4301055393824","205.022848880348","0.0382566209827109","0.70810870050877","287.052947514733","DARK-13025-20210823-09_43_55","659.79","659.79","0.721888053819144","0.843785682587878","0.495182033361729","0.698040149204561","0.447965487743221","0.600353460058579","0.399646539941421","799.983","673.178524294187","0.841491037052271","0.162477701510883","6","0.5","0: Broadleaf","2","1629729851","415.024","447.168294197598","30.5688489684228","26.761","422.603","30.337","500.033","99.161","0.0997633","30.0995","29.7933","999.9","0","0","9997.5","0","1321.67","-28.9858","427.98","456.218","3.51232","444.009","26.761","3.00193","2.65365","24.0386","22.0009","799.983","0.949985","0.050015","0","927.892","5.00012","7724","6848.75","47.25","50.062","48.937","50.062","49.625","755.22","39.76","0","355.200000047684","0","927.32264","4.81246152839391","13.5930768184024","7722.132","15","1629729583.1","09:39:43","1629729582.6","1629729583.1","17","0.211","-0.008","-7.715","-0.064","445","27","0.1","0.03","22.8753346269807","0.00373853873282553","0.064946091724444","1","0.254702301370396","-0.00394147591303601","0.00391665836266151","1","2","2","2/2","2.92996","2.74003","0.0937136","0.0988928","0.135289","0.125649","28119.7","27599","28283.7","28069.3","33688.2","34535.6","42753.2","43803.9","1.73235","1.89597","-0.0038594","0","29.8562","999.9","60.707","33.687","32.1429","62.3664","28.3293","1","0.970816","3.39314","20.3149","5.2712","12.0878","5.01205","3.292","9999","9999","9999","999.9","1.87218","1.87286","1.87249","1.87632","1.86996","1.87305","1.87302","1.87439","5","0","0","0","11111111","oooooooo","off","off","off","off","0","100","100","-7.579","-0.0637","-5.52254460018369","-0.00522648535208131","8.80926177612275e-07","-7.15438165096332e-11","-0.0637142857142834","0","0","0","3","2051","1","25","4.5","4.5","18","514.575","543.148","26.9987","38.4521","30","38.5349","38.4951","23.2308","20.4245","43.2117","27","444.021","26.6951","99.1468","97.1577","Stability Definition: gsw (GasEx): Slp<0.004 Std<0.004 Per=180 A (GasEx): Slp<0.5 Std<0.5 Per=120","21","C:/Users/eloch/Documents/RLib-4.4.2/PhotoGEA/extdata/ball_berry_1.xlsx"
"4","1629730274","1225.90000009537","20210823 09:51:14","09:51:14","0","soybean","1a","ripe4","3.92004123890152","1629730274","0.00262658230429096","2.62658230429096","23.2906140053227","415.042","231.668670289913","22.9960614250853","41.198196174072","0.218102298749875","2.9163569677145","0.209428995418947","0.131643644388079","106.04872609462","29.8930803809349","29.6184","4.16795301937685","69.8556833024814","2.96778303434084","4.2484489364882","1.20016998503602","-115.832279619231","52.2778567504385","3.97731506126968","46.4716182870974","0","0","1","0","51967.4593304919","RECT-12243-20210724-05_20_30","10238.9","302.212","4052.3","0.925422105964514","-0.323430118240924","MPF-13026-20210823-09_50_50","10217.7","923.53292","2582.28","0.642357559985749","0.5","547.159123157834","23.2906140053227","175.735899637804","0.0431575443488528","0.569272116114441","289.90408842658","DARK-13027-20210823-09_50_58","680.77","680.77","0.73636863546943","0.872331504961846","0.436009764113029","0.727498951785648","0.391996134490711","0.643027558381867","0.356972441618133","649.951","547.159123157834","0.841846728688523","0.16316418636885","6","0.5","0: Broadleaf","2","1629730274","415.042","444.292238119381","29.8982654710036","26.8413","422.629","30.0226","500.114","99.1626","0.100116","29.9509","29.6184","999.9","0","0","10008.8","0","1350.2","-25.6825","427.861","452.88","3.12141","440.724","26.8413","2.97118","2.66165","23.8673","22.0503","649.951","0.937972","0.0620283","0","923.743","5.00012","6292.61","5530.64","45.875","49","47.687","49.125","48.437","604.95","40.01","0","422.799999952316","0","923.53292","1.76638462503265","43.3053847684193","6289.9244","15","1629729933","09:45:33","1629729926","1629729933","18","-0.008","0.004","-7.707","-0.06","441","27","0.08","0.03","20.4298689754559","-0.0478506517004933","0.0668253480129967","1","0.22693940251884","-0.00272835940653971","0.00395320567810712","1","2","2","2/2","2.93017","2.74049","0.0937097","0.0983349","0.134322","0.125899","28119.7","27615.9","28283.6","28069.2","33724.3","34526.1","42751.3","43804.4","1.73228","1.8944","-0.0123754","0","29.8199","999.9","60.731","33.898","32.5398","62.3664","28.4736","1","0.972332","3.4501","20.3159","5.2739","12.0878","5.01245","3.292","9999","9999","9999","999.9","1.8722","1.87286","1.87251","1.87632","1.86996","1.87311","1.87302","1.87438","5","0","0","0","11111111","oooooooo","off","off","off","off","0","100","100","-7.587","-0.0599","-5.53088518609412","-0.00522648535208131","8.80926177612275e-07","-7.15438165096332e-11","-0.0599047619047646","0","0","0","3","2051","1","25","5.8","5.7","18","514.774","542.25","27.0013","38.4607","30.0003","38.5648","38.5348","23.1008","21.252","43.3776","27","440.712","26.7971","99.144","97.1582","Stability Definition: gsw (GasEx): Slp<0.004 Std<0.004 Per=180 A (GasEx): Slp<0.5 Std<0.5 Per=120","21","C:/Users/eloch/Documents/RLib-4.4.2/PhotoGEA/extdata/ball_berry_1.xlsx"
"5","1629730534","1485.90000009537","20210823 09:55:34","09:55:34","0","soybean","1a","ripe4","2.79806807520693","1629730534","0.00255341298860516","2.55341298860516","16.6179285592397","415.042","278.616930139743","27.6502084988114","41.1891618718496","0.212380141686631","2.91400118724748","0.204140358808003","0.128301399721542","82.1143625278962","29.7830672124334","29.6176","4.16776095961435","69.8833050058056","2.97108964895322","4.25150134027919","1.19667131066113","-112.605512797488","54.3250527479813","4.13664752447276","27.9705500028627","0","0","1","0","51897.792444329","RECT-12243-20210724-05_20_30","10238.9","302.212","4052.3","0.925422105964514","-0.323430118240924","MPF-13028-20210823-09_55_10","10221.4","872.5902","2645.29","0.670134389802252","0.5","421.301387838288","16.6179285592397","141.164274230927","0.0402119697834544","0.531892533521845","290.681416703089","DARK-13029-20210823-09_55_18","689.51","689.51","0.739344268492301","0.906390187035352","0.418405550153295","0.756568838083922","0.375193862117369","0.716218332342886","0.283781667657114","500.135","421.301387838288","0.842375334336305","0.16418439526907","6","0.5","0: Broadleaf","2","1629730534","415.042","436.253672967628","29.9381423180551","26.966","422.579","29.9291","500.037","99.1411","0.0998488","29.9634","29.6176","999.9","0","0","9997.5","0","1393.1","-21.9511","427.823","449.104","2.90771","436.993","26.966","2.96171","2.67344","23.8142","22.1228","500.135","0.920028","0.0799724","0","872.349","5.00012","4645.96","4216.58","45.437","49.062","47.375","49.125","48.125","455.54","39.6","0","259.600000143051","0","872.5902","-0.163692299875578","-17.3715384786098","4646.9204","15","1629730343.5","09:52:23","1629730343.5","1629730339.5","19","0.051","0.005","-7.636","-0.055","437","27","0.07","0.03","17.3713916033036","-0.06752165954385","0.0618178770846003","1","0.213034188379574","-0.00310790079987832","0.00384403365748759","1","2","2","2/2","2.92986","2.74011","0.0936435","0.0976516","0.133959","0.12623","28110.2","27625.4","28272.9","28058.5","33724.1","34502","42732.4","43789.5","1.72935","1.89032","-0.0287481","0","30.0855","999.9","60.878","34.06","32.9177","62.1365","28.734","1","0.990638","3.58983","20.3134","5.27509","12.0878","5.0124","3.292","9999","9999","9999","999.9","1.87217","1.87286","1.87244","1.87634","1.86996","1.87308","1.87302","1.87439","5","0","0","0","11111111","oooooooo","off","off","off","off","0","100","100","-7.537","-0.0554","-5.47946709775495","-0.00522648535208131","8.80926177612275e-07","-7.15438165096332e-11","-0.0553699999999999","0","0","0","3","2051","1","25","3.2","3.2","18","513.726","540.365","27","38.6631","30.0005","38.7264","38.6883","22.9368","21.9276","42.9029","27","437","27.0425","99.1027","97.1236","Stability Definition: gsw (GasEx): Slp<0.004 Std<0.004 Per=180 A (GasEx): Slp<0.5 Std<0.5 Per=120","21","C:/Users/eloch/Documents/RLib-4.4.2/PhotoGEA/extdata/ball_berry_1.xlsx"
"6","1629730901.5","1853.40000009537","20210823 10:01:41","10:01:41","0","soybean","1a","ripe4","2.08231999894899","1629730901.5","0.00216386028380546","2.16386028380546","12.2400742122389","415.033","299.02705028291","29.6761257434047","41.1888204896839","0.184865569164972","2.92124541438552","0.178603529441664","0.112172154406763","57.8750230865652","29.6409082576131","29.517","4.14367083848105","70.6067219151049","2.98448738957741","4.22691679860999","1.15918344890364","-95.4262385158209","54.4128581506118","4.1289344516254","20.9905771729814","0","0","1","0","52121.509786005","RECT-12243-20210724-05_20_30","10238.9","302.212","4052.3","0.925422105964514","-0.323430118240924","MPF-13030-20210823-10_01_17","10221","817.3754","2682.84","0.695332036200444","0.5","295.124327816873","12.2400742122389","102.604699896597","0.0425702090485592","0.51045161097941","291.129176274348","DARK-13031-20210823-10_01_25","713.96","713.96","0.733879023721131","0.947475011173865","0.410221846786127","0.783601889921483","0.365180763758077","0.827599238951519","0.172400761048481","350.106","295.124327816873","0.842957069621409","0.16530714436932","6","0.5","0: Broadleaf","2","1629730901.5","415.033","430.796255044082","30.0727415845451","27.5546","422.495","29.9714","500.08","99.1427","0.0995783","29.8625","29.517","999.9","0","0","10038.8","0","1435.09","-16.1616","427.833","443.412","2.3641","431.194","27.5546","2.96622","2.73184","23.8395","22.4779","350.106","0.900004","0.0999963","0","817.614","5.00012","3152.89","2916.1","44.687","48.437","46.75","48.562","47.5","310.6","34.51","0","367.200000047684","0","817.3754","1.56446153189819","-2.0938461365235","3151.45","15","1629730616.5","09:56:56","1629730612.5","1629730616.5","20","0.074","0.003","-7.539","-0.053","432","27","0.11","0.02","12.6840300996824","-0.0200919520454002","0.0398674857381665","1","0.174739074244232","-0.00393329433227122","0.00390316104302023","1","2","2","2/2","2.92985","2.74021","0.0935848","0.0966313","0.134031","0.128057","28103.4","27643.2","28265.1","28045.7","33712.8","34416.7","42720.8","43771.8","1.72698","1.8861","-0.0323504","0","30.0436","999.9","60.78","34.332","33.3657","61.7065","28.8221","1","1.00971","3.58221","20.3149","5.2733","12.0878","5.0123","3.292","9999","9999","9999","999.9","1.87213","1.87286","1.87245","1.87626","1.86996","1.87303","1.87301","1.87438","5","0","0","0","11111111","oooooooo","off","off","off","off","0","100","100","-7.462","-0.0527","-5.40590079487062","-0.00522648535208131","8.80926177612275e-07","-7.15438165096332e-11","-0.0526350000000058","0","0","0","3","2051","1","25","4.8","4.8","18","513.491","538.759","27.0006","38.8597","30.0003","38.9288","38.8891","22.7023","20.9835","43.0027","27","431.204","27.5001","99.0756","97.0825","Stability Definition: gsw (GasEx): Slp<0.004 Std<0.004 Per=180 A (GasEx): Slp<0.5 Std<0.5 Per=120","21","C:/Users/eloch/Documents/RLib-4.4.2/PhotoGEA/extdata/ball_berry_1.xlsx"
"7","1629731320.5","2272.40000009537","20210823 10:08:40","10:08:40","0","soybean","1a","ripe4","0.96902955315742","1629731320.5","0.00192081970285602","1.92081970285602","5.67917430362487","415.003","352.435499048516","34.9773109655474","41.186795943722","0.168587956371175","2.91153867282635","0.163346519200238","0.102548922378272","33.0709795617962","29.3630008330899","29.2722","4.085556360222","70.8113803431437","2.95994705336752","4.18004427963974","1.12560930685448","-84.7081488959506","62.2373651165126","4.72812431451967","15.3283200968779","0","0","1","0","51878.2600832103","RECT-12243-20210724-05_20_30","10238.9","302.212","4052.3","0.925422105964514","-0.323430118240924","MPF-13032-20210823-10_08_17","10209.3","761.886423076923","2735.4","0.721471659327","0.5","168.703142570879","5.67917430362487","60.8572681021457","0.0355808690365318","0.481428675879213","291.737476102994","DARK-13033-20210823-10_08_24","776.32","776.32","0.716195072018718","1.00736752808618","0.401986581114659","0.811081419488785","0.351165092659159","1.02645162811217","-0.0264516281121694","200.141","168.703142570879","0.842921453229867","0.165238404733644","6","0.5","0: Broadleaf","2","1629731320.5","415.003","422.772626345484","29.8247746357148","27.5891","422.382","29.5996","500.126","99.1442","0.100374","29.6687","29.2722","999.9","0","0","9983.12","0","1483.2","-9.54346","427.639","436.592","1.95965","424.547","27.5891","2.92959","2.7353","23.633","22.4987","200.141","0.900142","0.0998583","0","761.887","5.00012","1833.52","1649","44.062","48.312","46.375","48.562","47.062","175.65","19.49","0","418.600000143051","0","761.886423076923","-0.465401711606151","-8.61504297201428","1834.435","15","1629730962","10:02:42","1629730961","1629730962","21","0.083","0.002","-7.425","-0.051","425","27","0.29","0.05","7.25620442924023","0.0137398646937463","0.0405285574226554","1","0.142199433889635","-0.00390246891472638","0.00395513749787787","1","2","2","2/2","2.92993","2.74051","0.0935368","0.0954735","0.132858","0.128134","28104.1","27672.3","28264.6","28039.5","33761.6","34406.9","42724.7","43762.9","1.72578","1.88305","-0.0331476","0","29.8121","999.9","60.512","34.583","33.6863","62.1664","28.75","1","1.01512","3.38302","20.3213","5.27285","12.0878","5.0123","3.29155","9999","9999","9999","999.9","1.87217","1.87286","1.8725","1.87626","1.86998","1.87305","1.87302","1.87438","5","0","0","0","11111111","oooooooo","off","off","off","off","0","100","100","-7.379","-0.0508","-5.32321412618894","-0.00522648535208131","8.80926177612275e-07","-7.15438165096332e-11","-0.0508700000000033","0","0","0","3","2051","1","25","6","6","18","513.502","537.405","26.9996","38.9269","29.9998","39.0463","39.0112","22.4287","21.9619","42.4109","27","424.575","27.5694","99.0805","97.062","Stability Definition: gsw (GasEx): Slp<0.004 Std<0.004 Per=180 A (GasEx): Slp<0.5 Std<0.5 Per=120","21","C:/Users/eloch/Documents/RLib-4.4.2/PhotoGEA/extdata/ball_berry_1.xlsx"
"8","1629733760","4711.90000009537","20210823 10:49:20","10:49:20","0","soybean","5","ripe4","8.28099607371598","1629733760","0.00884667049881268","8.84667049881268","45.7807459247157","415.029","313.008104004231","31.0691413961465","41.1957215150154","0.877167978569448","2.92022811383465","0.752991780837287","0.480304526160656","321.506438861421","32.6801906687559","32.5494","4.92559606955783","75.0720297377858","3.81074254125209","5.0761149719308","1.11485352830575","-390.138168997639","84.2279058690842","6.5937915009881","22.1899672338538","0","0","1","0","51544.5501768605","RECT-12243-20210724-05_20_30","10238.9","302.212","4052.3","0.925422105964514","-0.323430118240924","MPF-13034-20210823-10_48_56","10185.4","849.307923076923","1553.14","0.453167181917327","0.5","1681.1798999282","45.7807459247157","380.927778773257","0.0274237016781641","1.60910156199699","269.831322333111","DARK-13035-20210823-10_49_04","584.85","584.85","0.623440256512613","0.726881488937278","0.720748676981643","0.56264795169912","0.666427027845746","0.500544769751858","0.499455230248142","1999.98","1681.1798999282","0.840598355947658","0.16075482697898","6","0.5","0: Broadleaf","2","1629733760","415.029","474.365080569016","38.391575823641","28.1843","423.035","38.3247","500.057","99.1602","0.0996626","33.0844","32.5494","999.9","0","0","10031.2","0","1658.42","-58.2878","431.541","487.044","10.0793","473.317","28.1843","3.79423","2.79476","27.9972","22.8532","1999.98","0.980007","0.019993","0","849.559","5.00012","17816.9","17384.5","51.625","53.437","52.562","52.437","53.375","1955.09","39.89","0","2439","0","849.307923076923","-0.084717950166821","-8.81709409454447","17819.5576923077","15","1629732627.6","10:30:27","1629732618.6","1629732627.6","24","-0.137","-0.018","-8.275","-0.061","475","26","0.07","0.01","45.0984294993479","-0.130280500469395","0.086760944413285","1","0.870628648355332","-0.0112346048303661","0.0100359654751058","0","1","2","1/2","2.93029","2.74022","0.0939686","0.10385","0.15862","0.130315","28185.3","27528.9","28355.1","28150.7","32874.7","34442.1","42878.5","43921.7","1.7409","1.87995","0.00883266","0","32.4062","999.9","52.228","38.008","35.0784","61.5755","29.5072","1","0.890813","2.52138","20.3228","5.2715","12.0878","5.01115","3.292","9999","9999","9999","999.9","1.87195","1.87271","1.87228","1.87607","1.86987","1.87283","1.87286","1.87424","5","0","0","0","11111111","oooooooo","off","off","off","off","0","100","100","-8.006","-0.0611","-5.9470886404467","-0.00522648535208131","8.80926177612275e-07","-7.15438165096332e-11","-0.0611149999999938","0","0","0","3","2051","1","25","19","18.9","18","517.554","526.841","30.0002","37.9411","30.0001","38.0562","38.0369","24.4496","20.296","17.6138","30","473.394","28.2577","99.4213","97.427","Stability Definition: gsw (GasEx): Slp<0.004 Std<0.004 Per=180 A (GasEx): Slp<0.5 Std<0.5 Per=120","21","C:/Users/eloch/Documents/RLib-4.4.2/PhotoGEA/extdata/ball_berry_1.xlsx"
"9","1629734524.5","5476.40000009537","20210823 11:02:04","11:02:04","0","soybean","5","ripe4","6.55790263702216","1629734524.5","0.00639895632757967","6.39895632757967","36.2182454966219","415.019","312.931015973952","31.063330027451","41.1971696846303","0.669511866405119","2.91979104977344","0.594481505973818","0.377589057564558","177.836033751","31.8994448093211","31.7851","4.71730828086068","75.1459425268999","3.6940887669362","4.91588586518005","1.02321951392448","-282.193974046263","114.800407562479","8.9298166185748","19.3722838857903","0","0","1","0","51628.4935654442","RECT-12243-20210724-05_20_30","10238.9","302.212","4052.3","0.925422105964514","-0.323430118240924","MPF-13036-20210823-11_01_41","10210.8","911.542423076923","2260.99","0.596839250471288","0.5","925.148999870984","36.2182454966219","276.08261782863","0.0394981517787499","0.792267988801366","285.351795652123","DARK-13037-20210823-11_01_49","636.45","636.45","0.71850826407901","0.830664420034642","0.524411200726027","0.688923184211318","0.477671457309802","0.579979995167415","0.420020004832585","1099.96","925.148999870984","0.841075129887436","0.161675000682752","6","0.5","0: Broadleaf","2","1629734524.5","415.019","461.665481712163","37.2141347986113","29.8215","422.889","37.1992","500.024","99.1661","0.0996437","32.5144","31.7851","999.9","0","0","10028.1","0","1650","-46.2833","431.047","475.482","7.36225","461.302","29.8215","3.68736","2.95728","27.5081","23.7893","1099.96","0.964001","0.0359989","0","911.741","5.00012","10619.7","9483.73","48.562","51.625","50.25","50.687","50.875","1055.54","39.42","0","763.799999952316","0","911.542423076923","2.0578803272733","29.4735042416133","10614.6346153846","15","1629733926.5","10:52:06","1629733921.5","1629733926.5","25","0.135","0.046","-8.082","-0.015","462","30","0.04","0.01","35.9572114048262","0.00747010482744035","0.0371060104539187","1","0.665239143902787","-0.00390090535594696","0.00393229151433166","1","2","2","2/2","2.93027","2.74017","0.0939667","0.101937","0.155532","0.135463","28192.1","27593.6","28361.3","28156","33001","34243.8","42887.1","43929.4","1.74053","1.8734","-0.0123233","0","31.985","999.9","49.738","39.68","36.5529","62.0955","30.2244","1","0.880038","2.25305","20.3355","5.27674","12.0878","5.0134","3.292","9999","9999","9999","999.9","1.87195","1.87271","1.87225","1.87604","1.86984","1.87276","1.87282","1.87424","5","0","0","0","11111111","oooooooo","off","off","off","off","0","100","100","-7.87","-0.0155","-5.81248701754684","-0.00522648535208131","8.80926177612275e-07","-7.15438165096332e-11","-0.0154449999999997","0","0","0","3","2051","1","25","10.1","10","18","516.167","520.898","30.0018","37.8003","30","37.9361","37.9229","24.0115","18.9572","18.3543","30","461.248","29.792","99.442","97.4446","Stability Definition: gsw (GasEx): Slp<0.004 Std<0.004 Per=180 A (GasEx): Slp<0.5 Std<0.5 Per=120","21","C:/Users/eloch/Documents/RLib-4.4.2/PhotoGEA/extdata/ball_berry_1.xlsx"
"10","1629735345.1","6297","20210823 11:15:45","11:15:45","0","soybean","5","ripe4","5.88452763051446","1629735345.1","0.00560978274619118","5.60978274619118","32.7693955829389","414.984","306.535837124862","30.4350987618963","41.20261807908","0.559905129396239","2.91514338439018","0.506305091040273","0.32082775242276","129.967739654646","31.837636493358","31.7963","4.72030424920406","74.5202885430333","3.66668005414998","4.92037822965832","1.05362419505408","-247.391419107031","115.403476605246","8.99224966654783","6.97204681940872","0","0","1","0","51494.9405054477","RECT-12243-20210724-05_20_30","10238.9","302.212","4052.3","0.925422105964514","-0.323430118240924","MPF-13038-20210823-11_15_21","10220","868.052038461538","2434.88","0.643492887344946","0.5","673.11719982106","32.7693955829389","216.573065217199","0.0491635419656149","0.664270929162833","287.947120671858","DARK-13039-20210823-11_15_29","659.19","659.19","0.729272079116835","0.882376969819317","0.476677738122254","0.734679735213574","0.431301878782578","0.670068209005153","0.329931790994847","799.91","673.11719982106","0.841491167532672","0.162477953338058","6","0.5","0: Broadleaf","2","1629735345.1","414.984","457.093595948798","36.9300211134872","30.448","422.777","37.057","500.086","99.1872","0.100045","32.5306","31.7963","999.9","0","0","9999.38","0","1739.42","-38.4702","430.951","467.694","6.60416","453.454","30.448","3.6751","3.02005","27.4511","24.1389","799.91","0.949978","0.0500225","0","867.834","5.00012","7512.85","6848.11","47.625","51.437","49.562","50.562","50.187","755.15","39.76","0","820.199999809265","0","868.052038461538","-0.27545299368153","-12.1705983185826","7512.75576923077","15","1629734664.5","11:04:24","1629734660.5","1629734664.5","26","0.076","0.011","-7.969","-0.005","454","30","0.08","0.01","29.7210675013865","-0.0401031051542276","0.0587652672247684","1","0.580773397363077","-0.00336944074228704","0.00394120187743744","1","2","2","2/2","2.93015","2.74033","0.0938704","0.100571","0.155027","0.137296","28165.2","27603.6","28333.5","28125.7","32987.8","34140","42840.7","43886.8","1.73428","1.85575","-0.0474006","0","32.565","999.9","46.801","41.352","37.5861","62.0046","30.3646","1","0.928316","2.54351","20.3324","5.2697","12.088","5.01045","3.29133","9999","9999","9999","999.9","1.87181","1.87271","1.87224","1.87592","1.86981","1.87264","1.87273","1.87411","5","0","0","0","11111111","oooooooo","off","off","off","off","0","100","100","-7.793","-0.0049","-5.7359459868871","-0.00522648535208131","8.80926177612275e-07","-7.15438165096332e-11","-0.004915000000004","0","0","0","3","2051","1","25","11.4","11.3","18","514.577","510.846","30.0014","38.2996","30.0005","38.3509","38.3219","23.7365","18.9011","14.8616","30","453.429","30.3759","99.3385","97.346","Stability Definition: gsw (GasEx): Slp<0.004 Std<0.004 Per=180 A (GasEx): Slp<0.5 Std<0.5 Per=120","21","C:/Users/eloch/Documents/RLib-4.4.2/PhotoGEA/extdata/ball_berry_1.xlsx"
"11","1629735832.1","6784","20210823 11:23:52","11:23:52","0","soybean","5","ripe4","4.17336887394595","1629735832.1","0.0053186502211703","5.3186502211703","22.9244839085748","414.992","339.252957736986","33.6866426489794","41.2072669887328","0.575812837096387","2.9141050928195","0.519270121726203","0.329160043741286","106.073229247556","31.6029513543677","31.5558","4.65633403116084","75.5486885830727","3.68198715222946","4.8736612392428","0.974346878931374","-234.55247475361","126.579686843723","9.84676655589161","7.94720789356057","0","0","1","0","51494.3311940493","RECT-12243-20210724-05_20_30","10238.9","302.212","4052.3","0.925422105964514","-0.323430118240924","MPF-13040-20210823-11_23_29","10224.8","830.057230769231","2474.54","0.66456099688458","0.5","547.290716086817","22.9244839085748","181.854031934165","0.0424781808707456","0.637597290809605","288.493922651269","DARK-13041-20210823-11_23_36","676.24","676.24","0.726720925909462","0.914465200039353","0.467337665799778","0.757014027914187","0.420726126960221","0.745006397090873","0.254993602909127","650.108","547.290716086817","0.841845841132268","0.163162473385278","6","0.5","0: Broadleaf","2","1629735832.1","414.992","445.148569926034","37.0807220167211","30.9353","422.799","36.8347","500.024","99.1966","0.0999334","32.3615","31.5558","999.9","0","0","9992.5","0","1797.68","-33.0099","430.856","462.303","5.88611","448.001","30.9353","3.65256","3.06868","27.3461","24.4053","650.108","0.938","0.0620002","0","830.173","5.00012","5941.9","5532.05","46.937","50.875","49","50.062","49.625","605.11","40","0","486.599999904633","0","830.057230769231","0.0808888891739191","0.929572722481992","5940.40884615385","15","1629735485.6","11:18:05","1629735484.6","1629735485.6","27","-0.014","-0.008","-7.957","-0.013","448","31","0.07","0.02","25.4201698214147","-0.0206246656216853","0.0468225566812109","1","0.54010354447628","-0.00150660862803867","0.00394629768793332","1","2","2","2/2","2.9299","2.74015","0.0938367","0.0996322","0.154352","0.138735","28162.4","27624.6","28330.2","28118.3","33013.3","34075.4","42838.7","43876.1","1.73158","1.84728","-0.034824","0","32.1208","999.9","45.062","42.5","38.4471","62.4146","30.613","1","0.939032","2.48791","20.3359","5.27554","12.0886","5.01155","3.292","9999","9999","9999","999.9","1.8718","1.87271","1.87221","1.87592","1.86981","1.87258","1.87274","1.8741","5","0","0","0","11111111","oooooooo","off","off","off","off","0","100","100","-7.807","-0.0133","-5.75005009232493","-0.00522648535208131","8.80926177612275e-07","-7.15438165096332e-11","-0.0132300000000001","0","0","0","3","2051","1","25","5.8","5.8","18","513.988","506.049","30.0006","38.4421","29.9999","38.5424","38.5136","23.5317","19.0427","12.3633","30","447.985","30.9226","99.3312","97.3215","Stability Definition: gsw (GasEx): Slp<0.004 Std<0.004 Per=180 A (GasEx): Slp<0.5 Std<0.5 Per=120","21","C:/Users/eloch/Documents/RLib-4.4.2/PhotoGEA/extdata/ball_berry_1.xlsx"
"12","1629736622.6","7574.5","20210823 11:37:02","11:37:02","0","soybean","5","ripe4","3.93285276630202","1629736622.6","0.00408354539695","4.08354539695","22.0681935836055","414.988","309.842415915007","30.7673244793064","41.208271673562","0.380522334277626","2.9091273293299","0.354875800316115","0.223957408604153","82.079656635024","31.8873000743805","31.797","4.72049155221802","73.9565156340946","3.6258710656914","4.90270672516628","1.09462048652662","-180.084352005495","105.049337253303","8.19983583142353","15.2444777142551","0","0","1","0","51336.2005099352","RECT-12243-20210724-05_20_30","10238.9","302.212","4052.3","0.925422105964514","-0.323430118240924","MPF-13042-20210823-11_36_39","10228.2","791.19404","2494.39","0.682810611011109","0.5","421.121342090686","22.0681935836055","143.77306045138","0.0531714293810939","0.624565525038186","288.761825988869","DARK-13043-20210823-11_36_47","702.76","702.76","0.718263783931141","0.950640455897702","0.465111627268222","0.776942365081668","0.415432917840861","0.844384630079707","0.155615369920293","499.921","421.121342090686","0.842375779554541","0.164185254540265","6","0.5","0: Broadleaf","2","1629736622.6","414.988","443.500470832929","36.5143433757381","31.7935","422.749","36.8866","500.051","99.2","0.0999115","32.4668","31.797","999.9","0","0","9963.75","0","1873.6","-26.076","430.878","455.548","5.08359","441.064","31.7935","3.65821","3.15391","27.3725","24.8636","499.921","0.920008","0.0799923","0","790.897","5.00012","4512.23","4214.72","46.5","50.937","48.75","50.062","49.312","455.33","39.59","0","790.200000047684","0","791.19404","-0.778076916227901","16.6692309828914","4511.432","15","1629735946.6","11:25:46","1629735945.1","1629735946.6","28","0.047","0.004","-7.881","-0.01","442","31","0.06","0.02","19.9056315469916","-0.0146338871403139","0.0481398038162387","1","0.431302389368515","-0.00395285673960363","0.00373900654793934","1","2","2","2/2","2.92977","2.73988","0.0937557","0.0984037","0.154393","0.141228","28141.5","27637.7","28308.3","28094.9","32982.9","33953","42798.7","43843.4","1.72675","1.83508","-0.0658706","0","32.8649","999.9","42.724","43.719","38.8469","62.5246","30.0881","1","0.974807","2.63207","20.3334","5.27494","12.089","5.01245","3.292","9999","9999","9999","999.9","1.8718","1.87271","1.87221","1.8759","1.86981","1.87259","1.87271","1.8741","5","0","0","0","11111111","oooooooo","off","off","off","off","0","100","100","-7.761","-0.0095","-5.70347769298158","-0.00522648535208131","8.80926177612275e-07","-7.15438165096332e-11","-0.00954999999999373","0","0","0","3","2051","1","25","11.3","11.3","18","512.819","499.613","29.9994","38.8114","30.0006","38.8736","38.8454","23.314","16.4157","7.998","30","441.129","31.7631","99.2447","97.2456","Stability Definition: gsw (GasEx): Slp<0.004 Std<0.004 Per=180 A (GasEx): Slp<0.5 Std<0.5 Per=120","21","C:/Users/eloch/Documents/RLib-4.4.2/PhotoGEA/extdata/ball_berry_1.xlsx"
"13","1629737091","8042.90000009537","20210823 11:44:51","11:44:51","0","soybean","5","ripe4","3.0593736067516","1629737091","0.003670268311579","3.670268311579","17.0915933769787","415.051","325.00535620487","32.2697090163818","41.210320818576","0.3462827605344","2.91354399068624","0.324935162319197","0.204892711028151","57.8555396210974","31.8586977306742","31.7874","4.71792338924006","74.2936042795281","3.64363046584532","4.90436626568316","1.07429292339475","-161.858832540634","107.659193777175","8.39066637349767","12.0465672311367","1","0","1","0","51459.582519732","RECT-12243-20210724-05_20_30","10238.9","302.212","4052.3","0.925422105964514","-0.323430118240924","MPF-13044-20210823-11_44_28","10225","755.582076923077","2526.96","0.700991675007488","0.5","295.027142601605","17.0915933769787","103.405785432486","0.0590285468030184","0.603626491911229","289.193328257437","DARK-13045-20210823-11_44_35","741.76","741.76","0.706461518979327","0.992257407056309","0.460752626459732","0.796215087316372","0.406747788318567","0.974105761289808","0.0258942387101925","349.991","295.027142601605","0.842956369168364","0.165305792494942","6","0.5","0: Broadleaf","2","1629737091","415.051","437.385446118367","36.6969350987892","32.4549","422.6","37.0196","500.078","99.1896","0.100176","32.4728","31.7874","999.9","0","0","9990","0","1932.39","-18.6264","431.005","448.224","4.56092","433.677","32.4549","3.67158","3.21919","27.4348","25.2073","349.991","0.900021","0.0999786","0","755.457","5.00012","3246.41","2915.15","46.312","50.875","48.625","50.062","49.187","310.5","34.49","0","467.899999856949","0","755.582076923077","-1.07904275308453","-33.0680345167287","3248.53846153846","15","1629736716","11:38:36","1629736711.5","1629736716","29","0.211","0.006","-7.635","-0.004","434","32","0.1","0.02","13.9668199752573","0.0152818182948236","0.0366572608623616","1","0.391243910772427","-0.00325292368320418","0.00398501709953074","1","2","2","2/2","2.9296","2.74038","0.0936309","0.0970625","0.154618","0.143067","28124.7","27651.1","28289.4","28068.6","32955.2","33852.7","42771.3","43805.2","1.7216","1.82595","-0.0693612","0","32.9118","999.9","41.79","44.494","39.5589","62.5446","30.7051","1","1.01365","2.84357","20.331","5.2715","12.0923","5.01205","3.292","9999","9999","9999","999.9","1.87179","1.8727","1.87213","1.87588","1.86978","1.87256","1.87271","1.8741","5","0","0","0","11111111","oooooooo","off","off","off","off","0","100","100","-7.549","-0.0038","-5.49277106023957","-0.00522648535208131","8.80926177612275e-07","-7.15438165096332e-11","-0.00375238095237762","0","0","0","3","2051","1","25","6.3","6.2","18","511.934","495.903","30.0001","39.2235","30.0002","39.2716","39.2353","23.0471","16.0386","7.50847","30","433.694","32.4469","99.18","97.1585","Stability Definition: gsw (GasEx): Slp<0.004 Std<0.004 Per=180 A (GasEx): Slp<0.5 Std<0.5 Per=120","21","C:/Users/eloch/Documents/RLib-4.4.2/PhotoGEA/extdata/ball_berry_1.xlsx"
"14","1629737500.5","8452.40000009537","20210823 11:51:40","11:51:40","0","soybean","5","ripe4","1.93805115992069","1629737500.5","0.00336005357047156","3.36005357047156","10.768249624445","415.019","351.249173760295","34.8757552621309","41.20750212216","0.31812532667855","2.91366840788388","0.300011550511707","0.18904866755823","33.0536720782721","31.7865536288131","31.8213","4.7269976551253","74.6944101772326","3.66194458889615","4.90256845218699","1.06505306622915","-148.178362457796","101.317690827763","7.89715208262282","-5.90984746913747","1","0","1","0","51464.2084431661","RECT-12243-20210724-05_20_30","10238.9","302.212","4052.3","0.925422105964514","-0.323430118240924","MPF-13046-20210823-11_51_17","10212.5","722.81952","2557.99","0.717426760855203","0.5","168.609356724493","10.768249624445","60.4824323223663","0.065783299089443","0.58417351123343","289.595363791597","DARK-13047-20210823-11_51_25","803.88","803.88","0.685737629936004","1.04621174270713","0.460011328584358","0.813542148207847","0.398473315826189","1.16353899203968","-0.163538992039681","200.029","168.609356724493","0.84292455956133","0.165244399953367","6","0.5","0: Broadleaf","2","1629737500.5","415.019","429.611306006225","36.8810654145864","32.9985","422.627","36.9315","500.102","99.1905","0.10014","32.4663","31.8213","999.9","0","0","9990.62","0","1968.72","-10.7217","430.93","440.269","3.92375","425.741","32.9985","3.66233","3.27313","27.3917","25.4868","200.029","0.899999","0.100001","0","722.56","5.00012","2101.42","1647.97","45.937","50.812","48.375","50","48.937","175.53","19.5","0","409.099999904633","0","722.81952","-1.28369230628606","-11.0553847734024","2099.5448","15","1629737201.5","11:46:41","1629737194.5","1629737201.5","30","-0.058","-0.006","-7.655","-0.009","426","33","0.29","0.02","7.53024142740771","-0.0146538887784401","0.0350763493701457","1","0.32689353342379","-0.00398113265425018","0.00388813665278765","1","2","2","2/2","2.9295","2.74034","0.0935706","0.0956536","0.154279","0.144588","28110.5","27677.3","28274.5","28052.7","32950.7","33776.3","42746.4","43782.4","1.71788","1.8194","-0.0756234","0","33.0471","999.9","41.222","44.948","39.9497","62.4446","30.629","1","1.04","2.97816","20.33","5.2733","12.0905","5.012","3.292","9999","9999","9999","999.9","1.8718","1.87271","1.87216","1.87591","1.86981","1.87256","1.87271","1.8741","5","0","0","0","11111111","oooooooo","off","off","off","off","0","100","100","-7.608","-0.0093","-5.55050075438495","-0.00522648535208131","8.80926177612275e-07","-7.15438165096332e-11","-0.00927499999999526","0","0","0","3","2051","1","25","5.1","5","18","511.233","493.263","30.0001","39.5083","30.0005","39.5548","39.5195","22.7422","15.3609","6.963","30","425.744","32.9989","99.1244","97.1062","Stability Definition: gsw (GasEx): Slp<0.004 Std<0.004 Per=180 A (GasEx): Slp<0.5 Std<0.5 Per=120","21","C:/Users/eloch/Documents/RLib-4.4.2/PhotoGEA/extdata/ball_berry_1.xlsx"
"15","1629738760.1","9712","20210823 12:12:40","12:12:40","0","soybean","1b","ripe4","8.66312814390946","1629738760.1","0.00808084359934459","8.08084359934459","47.9504598065968","414.901","285.277058244931","28.3257392810925","41.1963640741637","0.697476652931292","2.91752441608693","0.616397012717153","0.39174456361412","321.486269861377","33.3494717833336","33.3388","5.14908181419344","74.9594590861815","3.90674282176094","5.21180764827735","1.2423389924325","-356.365202731096","34.0060064004011","2.68113135773235","1.8082048884142","1","0","1","0","51389.9770247658","RECT-12243-20210724-05_20_30","10238.9","302.212","4052.3","0.925422105964514","-0.323430118240924","MPF-13048-20210823-12_12_17","10190.1","800.13144","1533.74","0.478313508156532","0.5","1681.07099992817","47.9504598065968","402.039483717928","0.0287161517430853","1.6421036159975","269.239664276037","DARK-13049-20210823-12_12_24","556.94","556.94","0.636874568049343","0.751032514332514","0.720543806646526","0.595689712292372","0.67160023978104","0.522764170512223","0.477235829487777","1999.85","1681.07099992817","0.840598544854951","0.160755191570056","6","0.5","0: Broadleaf","2","1629738760.1","414.901","476.46029648823","39.3459845284742","30.0312","422.801","39.2844","500.037","99.1921","0.0999337","33.555","33.3388","999.9","0","0","10012.5","0","1843.06","-56.8435","431.836","486.35","9.18555","471.744","30.0312","3.89","2.97886","28.4255","23.9102","1999.85","0.979999","0.0200014","0","799.843","5.00012","17005.3","17383.3","52.125","53.812","52.812","53.125","53.937","1954.95","39.9","0","1259.29999995232","0","800.13144","-2.54307690183479","-58.5692308469038","17014.888","15","1629737957.5","11:59:17","1629737947.5","1629737957.5","32","-0.053","-0.039","-8.167","-0.068","474","28","0.02","0.01","43.9926546075619","0.0659352673770234","0.0593993260549892","1","0.673430792619859","0.00290391586313234","0.00399968848144723","1","2","2","2/2","2.92945","2.74033","0.0936635","0.103325","0.16086","0.135723","28120.1","27455.6","28286.2","28065.7","32709.2","34139.5","42765","43801.3","1.7206","1.82278","0.010781","0","33.1643","999.9","41.814","43.598","37.7846","61.8419","30.2324","1","1.03012","3.30188","20.3071","5.2712","12.091","5.01135","3.292","9999","9999","9999","999.9","1.87194","1.87271","1.87225","1.87598","1.86981","1.87271","1.87276","1.87418","5","0","0","0","11111111","oooooooo","off","off","off","off","0","100","100","-7.9","-0.0676","-5.84238122093204","-0.00522648535208131","8.80926177612275e-07","-7.15438165096332e-11","-0.0676200000000051","0","0","0","3","2051","1","25","13.5","13.4","18","511.996","494.417","30.0027","39.3414","30.0011","39.3765","39.3462","24.711","20.4061","0","30","471.766","30.0778","99.1668","97.1492","Stability Definition: gsw (GasEx): Slp<0.004 Std<0.004 Per=180 A (GasEx): Slp<0.5 Std<0.5 Per=120","21","C:/Users/eloch/Documents/RLib-4.4.2/PhotoGEA/extdata/ball_berry_1.xlsx"
"16","1629739435.6","10387.5","20210823 12:23:55","12:23:55","0","soybean","1b","ripe4","5.49432263552474","1629739435.6","0.00593971333139205","5.93971333139205","30.2506274936656","414.992","314.417410997676","31.2192143780559","41.205492316944","0.562789176771308","2.91227287427091","0.508616203578656","0.322316692680588","177.825440750921","32.8294272683273","32.766","4.98606049354417","75.3736410803092","3.87826692192623","5.14538884726825","1.10779357161794","-261.941357914389","87.9236149107085","6.91743623848615","10.7251339857261","3","1","1","0","51280.5301560857","RECT-12243-20210724-05_20_30","10238.9","302.212","4052.3","0.925422105964514","-0.323430118240924","MPF-13050-20210823-12_23_32","10205.7","826.642576923077","2185.06","0.62168426637114","0.5","925.090499870944","30.2506274936656","287.557104369589","0.0330498017395831","0.854548616513963","284.105812641753","DARK-13051-20210823-12_23_40","602.31","602.31","0.72435081874182","0.858264048698103","0.541230554291462","0.721469509528609","0.497918982167885","0.625350101243888","0.374649898756112","1099.89","925.090499870944","0.841075471066146","0.161675659157662","6","0.5","0: Broadleaf","2","1629739435.6","414.992","454.240076229602","39.059107317162","32.2117","422.618","38.9188","500.135","99.192","0.100257","33.326","32.766","999.9","0","0","9982.5","0","1802.69","-43.7831","431.787","474.045","6.68559","458.775","32.2117","3.8583","3.19514","28.2848","25.0814","1099.89","0.963986","0.0360138","0","826.698","5.00012","9880.17","9483.12","51.125","54.187","52.687","53.562","53.437","1055.46","39.43","0","675","0","826.642576923077","0.498632491083482","-11.2940170646347","9878.98576923077","15","1629738890.6","12:14:50","1629738881.6","1629738890.6","33","0.273","0.046","-7.831","-0.021","460","32","0.05","0.02","34.1928781142038","-0.0328858254941558","0.0518790451838353","1","0.541297586859806","-0.00300372591987956","0.0039967017164141","1","2","2","2/2","2.92903","2.74039","0.0933788","0.100966","0.159483","0.141983","28065.8","27453.5","28227.9","27994.9","32701.9","33818.1","42677","43698.6","1.70535","1.81205","-0.0335276","0","33.3089","999.9","42.895","43.235","38.0317","62.5319","29.403","1","1.13833","3.52593","20.3084","5.2721","12.092","5.0104","3.292","9999","9999","9999","999.9","1.87185","1.87271","1.87225","1.87593","1.86981","1.87271","1.87275","1.87415","5","0","0","0","11111111","oooooooo","off","off","off","off","0","100","100","-7.626","-0.0215","-5.56945405944773","-0.00522648535208131","8.80926177612275e-07","-7.15438165096332e-11","-0.0214700000000043","0","0","0","3","2051","1","25","9.2","9.1","18","508.475","494.686","30.0025","40.4875","30.0007","40.4729","40.4232","24.1737","14.8989","7.25435","30","458.844","32.1752","98.9626","96.9148","Stability Definition: gsw (GasEx): Slp<0.004 Std<0.004 Per=180 A (GasEx): Slp<0.5 Std<0.5 Per=120","21","C:/Users/eloch/Documents/RLib-4.4.2/PhotoGEA/extdata/ball_berry_1.xlsx"
"17","1629739945.5","10897.4000000954","20210823 12:32:25","12:32:25","0","soybean","1b","ripe4","4.64513454976875","1629739945.5","0.00499336747654885","4.99336747654885","25.4724595475185","414.975","319.462665484774","31.7220890538388","41.206298348325","0.494128099482353","2.91172342765448","0.451828705867423","0.285891013577493","129.961235313358","32.559754966192","32.4289","4.89223525046464","75.6744634806212","3.84311347567007","5.07848129858789","1.04912177479458","-220.207505715804","104.201222031968","8.17673323175795","22.1316848612795","4","1","1","0","51304.2706198914","RECT-12243-20210724-05_20_30","10238.9","302.212","4052.3","0.925422105964514","-0.323430118240924","MPF-13052-20210823-12_32_02","10215.6","790.382692307692","2297.39","0.655964946174706","0.5","673.085809385159","25.4724595475185","220.760348362147","0.0383248158051691","0.763871175551387","285.923535591178","DARK-13053-20210823-12_32_10","625.66","625.66","0.727664871876347","0.901465731722412","0.512137253986412","0.755324741798631","0.467965018420901","0.713592358737883","0.286407641262117","799.873","673.085809385159","0.841490848403633","0.162477337419012","6","0.5","0: Broadleaf","2","1629739945.5","414.975","448.01812311866","38.7027245467443","32.9444","422.617","38.5448","500.157","99.1981","0.100167","33.0927","32.4289","999.9","0","0","9978.75","0","1807.56","-35.8112","431.591","466.143","5.55602","450.786","32.9444","3.81917","3.26803","28.1097","25.4605","799.873","0.949995","0.0500049","0","790.088","5.00012","7051.29","6847.83","50","53.625","51.937","53","52.5","755.13","39.75","0","509.400000095367","0","790.382692307692","0.329504265689088","-69.6201713309863","7065.36576923077","15","1629739577.1","12:26:17","1629739577.1","1629739575.1","34","-0.015","-0.023","-7.805","-0.044","451","33","0.04","0.02","27.8108198105064","-0.0236606702826641","0.0511421445155702","1","0.468228371013346","-0.00241681559585161","0.00392834328149181","1","2","2","2/2","2.92884","2.74026","0.093269","0.0995407","0.1583","0.144004","28054.4","27474.6","28215","27974","32737.6","33717.1","42660.9","43668.2","1.69983","1.8078","-0.0299141","0","32.9136","999.9","44.671","43.034","39.1932","62.5018","29.2308","1","1.17013","3.46807","20.3121","5.27434","12.0929","5.0113","3.292","9999","9999","9999","999.9","1.87193","1.87271","1.87225","1.87602","1.86981","1.87271","1.87277","1.87424","5","0","0","0","11111111","oooooooo","off","off","off","off","0","100","100","-7.642","-0.0443","-5.58481988784187","-0.00522648535208131","8.80926177612275e-07","-7.15438165096332e-11","-0.0443650000000062","0","0","0","3","2051","1","25","6.1","6.2","18","507.93","495.323","30.0012","40.9206","29.9999","40.9646","40.9276","23.8183","16.604","13.9217","30","450.922","32.8913","98.922","96.8455","Stability Definition: gsw (GasEx): Slp<0.004 Std<0.004 Per=180 A (GasEx): Slp<0.5 Std<0.5 Per=120","21","C:/Users/eloch/Documents/RLib-4.4.2/PhotoGEA/extdata/ball_berry_1.xlsx"
"18","1629740324.5","11276.4000000954","20210823 12:38:44","12:38:44","0","soybean","1b","ripe4","4.79989601401203","1629740324.5","0.00478514992200245","4.78514992200245","26.3830348158244","414.982","311.478694963567","30.9277578437187","41.2049459980024","0.467678885051925","2.91644753927263","0.429656166848507","0.27169322249997","106.066013572691","32.4166746798196","32.3819","4.87927655850943","75.4981548404747","3.82188382870035","5.06222150299683","1.05739272980908","-211.025111560308","102.782244452251","8.04820889990103","5.8713553645343","4","1","1","0","51446.862211542","RECT-12243-20210724-05_20_30","10238.9","302.212","4052.3","0.925422105964514","-0.323430118240924","MPF-13054-20210823-12_38_21","10219.7","763.057","2323.79","0.67163254855215","0.5","547.258199778596","26.3830348158244","183.77820971668","0.0488004838390177","0.743832274000663","286.328378579084","DARK-13055-20210823-12_38_29","650.24","650.24","0.720181255621205","0.932588210689851","0.508077458951341","0.772036992883777","0.460925183622358","0.794706238353057","0.205293761646943","650.07","547.258199778596","0.841845031732884","0.163160911244467","6","0.5","0: Broadleaf","2","1629740324.5","414.982","449.020730743065","38.490840276277","32.9703","422.548","38.1708","500.056","99.1935","0.0998332","33.0356","32.3819","999.9","0","0","10006.2","0","1837.69","-30.3864","431.43","460.553","5.15432","445.368","32.9703","3.78171","3.27044","27.9406","25.4729","650.07","0.938027","0.0619734","0","763.05","5.00012","5656.35","5531.78","49.375","53.062","51.375","52.562","52","605.09","39.98","0","378.700000047684","0","763.057","-0.414837619742229","-26.8970939574675","5659.58230769231","15","1629740066","12:34:26","1629740059.5","1629740066","35","0.075","-0.002","-7.705","-0.046","446","33","0.11","0.02","23.4218378183472","0.0512345485064172","0.0532704285041333","1","0.416233609972392","-0.0025912457815053","0.00392077691344186","1","2","2","2/2","2.92855","2.74018","0.0932251","0.0986093","0.157226","0.144038","28048.9","27494.8","28208.3","27965.9","32770.1","33707.5","42648.9","43657.2","1.69842","1.80755","-0.0408664","0","33.044","999.9","45.306","42.893","39.4572","62.4018","29.2428","1","1.18077","3.46444","20.3135","5.27524","12.0917","5.0119","3.292","9999","9999","9999","999.9","1.87193","1.87271","1.87225","1.87597","1.86983","1.87271","1.87275","1.87421","5","0","0","0","11111111","oooooooo","off","off","off","off","0","100","100","-7.566","-0.0462","-5.50962314315206","-0.00522648535208131","8.80926177612275e-07","-7.15438165096332e-11","-0.0462149999999966","0","0","0","3","2051","1","25","4.4","4.3","18","507.671","495.996","30.0008","40.9863","30.0002","41.0755","41.0426","23.5674","17.5727","15.0788","30","445.326","32.9079","98.8961","96.8195","Stability Definition: gsw (GasEx): Slp<0.004 Std<0.004 Per=180 A (GasEx): Slp<0.5 Std<0.5 Per=120","21","C:/Users/eloch/Documents/RLib-4.4.2/PhotoGEA/extdata/ball_berry_1.xlsx"
"19","1629740707.5","11659.4000000954","20210823 12:45:07","12:45:07","0","soybean","1b","ripe4","3.08480160819573","1629740707.5","0.0043920194321676","4.3920194321676","17.0090703075913","415.023","339.675712233699","33.7295728499712","41.2115085322395","0.423575152255588","2.9215890125314","0.392178347493592","0.247738127884159","82.0905548235983","32.3615950954664","32.3487","4.87014077423454","75.2694647435741","3.80666988743726","5.05738934162176","1.06347088679727","-193.688056958591","105.515082714522","8.24562883074554","2.16320941027516","4","1","1","0","51594.8939381398","RECT-12243-20210724-05_20_30","10238.9","302.212","4052.3","0.925422105964514","-0.323430118240924","MPF-13056-20210823-12_44_44","10222.9","736.31348","2353.25","0.68710783809625","0.5","421.173184468186","17.0090703075913","144.695698122024","0.0411529058947994","0.722001487304791","286.770729577512","DARK-13057-20210823-12_44_52","683.22","683.22","0.70966960586423","0.968208068118537","0.504306813729564","0.788350347482592","0.453069367972165","0.898393326032747","0.101606673967253","499.982","421.173184468186","0.842376694497373","0.16418702037993","6","0.5","0: Broadleaf","2","1629740707.5","415.023","437.621321659352","38.3353003314102","33.2669","422.534","38.1196","499.998","99.1997","0.0996365","33.0186","32.3487","999.9","0","0","10035","0","1784.21","-24.2928","431.45","454.433","4.80653","439.316","33.2669","3.77688","3.30007","27.9186","25.6248","499.982","0.919983","0.0800175","0","736.206","5.00012","4262.44","4215.21","48.937","53","51.062","52.5","51.625","455.37","39.61","0","382.799999952316","0","736.31348","-1.19607693135377","-12.2507692647811","4263.4912","15","1629740428","12:40:28","1629740422","1629740428","36","0.055","0","-7.621","-0.046","439","33","0.08","0.02","18.615153061832","-0.0574431328833411","0.0556323217183071","1","0.394794630393518","-0.00399722261518423","0.00354224265309516","1","2","2","2/2","2.92827","2.74023","0.0931838","0.0975613","0.157029","0.144858","28037.6","27510.9","28196.7","27950.7","32764.2","33659.5","42629.8","43635.4","1.6957","1.80567","-0.0584275","0","33.2951","999.9","45.727","42.842","39.7183","61.6618","29.7196","1","1.20352","3.62779","20.3115","5.27075","12.0932","5.0108","3.292","9999","9999","9999","999.9","1.87189","1.87271","1.87225","1.87601","1.86981","1.87271","1.87275","1.87423","5","0","0","0","11111111","oooooooo","off","off","off","off","0","100","100","-7.511","-0.0461","-5.45423727663053","-0.00522648535208131","8.80926177612275e-07","-7.15438165096332e-11","-0.0461400000000012","0","0","0","3","2051","1","25","4.8","4.7","18","506.962","496.021","30.0022","41.2093","30.0005","41.2675","41.2327","23.316","17.2547","16.9976","30","439.404","33.324","98.8531","96.7696","Stability Definition: gsw (GasEx): Slp<0.004 Std<0.004 Per=180 A (GasEx): Slp<0.5 Std<0.5 Per=120","21","C:/Users/eloch/Documents/RLib-4.4.2/PhotoGEA/extdata/ball_berry_1.xlsx"
"20","1629741908.1","12860","20210823 13:05:08","13:05:08","0","soybean","1b","ripe4","2.65711607815553","1629741908.1","0.00177308930527138","1.77308930527138","14.6665310351395","414.958","257.147392335466","25.5266981457221","41.192358642836","0.158747932131642","2.91054457331502","0.154089859050278","0.0967132862777271","57.8671253152433","32.1515496482306","31.8675","4.73938881735609","75.1773934079958","3.64535905813473","4.84900964622566","1.09402975922136","-78.1932383624677","63.4243473865779","4.94526932562533","48.0435036649788","4","1","1","0","51408.3515537109","RECT-12243-20210724-05_20_30","10238.9","302.212","4052.3","0.925422105964514","-0.323430118240924","MPF-13058-20210823-13_04_45","10228","722.702846153846","2408.97","0.699995082481788","0.5","295.085399645204","14.6665310351395","103.279164331908","0.050798721900181","0.682171218404547","287.581330621766","DARK-13059-20210823-13_04_53","742.63","742.63","0.691723018551497","1.01195863620039","0.496523822616756","0.800408567973234","0.438211049980694","1.03986146726965","-0.0398614672696547","350.06","295.085399645204","0.842956634991727","0.165306305534032","6","0.5","0: Broadleaf","2","1629741908.1","414.958","433.440302777225","36.7221240512419","34.6726","422.485","36.8242","500.012","99.1685","0.100242","32.2717","31.8675","999.9","0","0","9975","0","1133.06","-14.5957","430.8","444.982","2.10126","429.553","34.6726","3.64681","3.43843","27.3192","26.3187","350.06","0.900021","0.0999786","0","722.677","5.00012","2779.25","2915.74","46.5","50.062","48.562","49.875","49.312","310.56","34.5","0","1199.79999995232","0","722.702846153846","0.918358973168785","240.630427725001","2781.19538461538","15","1629740792","12:46:32","1629740790","1629740792","37","-0.017","-0.004","-7.607","-0.05","432","34","0.19","0.03","11.4381046901374","-0.0539964541636439","0.0841963239408489","1","0.162294012129688","0.00533884640487125","0.00736181877532401","0","1","2","1/2","2.92873","2.74031","0.0932504","0.0960092","0.153546","0.149043","28081.4","27599","28239.6","27988.7","32952.9","33534.2","42706","43689.8","1.70198","1.82078","1.49012e-05","0","31.8673","999.9","48.297","42.52","41.262","62.3991","29.5353","1","1.13089","2.49039","20.3359","5.27165","12.0937","5.01115","3.292","9999","9999","9999","999.9","1.87195","1.87271","1.87225","1.87607","1.8699","1.87274","1.87285","1.87424","5","0","0","0","11111111","oooooooo","off","off","off","off","0","100","100","-7.527","-0.0504","-5.47134979071569","-0.00522648535208131","8.80926177612275e-07","-7.15438165096332e-11","-0.0503750000000025","0","0","0","3","2051","1","25","18.6","18.6","18","508.054","503.736","29.9969","40.47","29.9992","40.7618","40.7598","22.9079","18.34","31.3664","30","429.602","34.7382","99.0194","96.8945","Stability Definition: gsw (GasEx): Slp<0.004 Std<0.004 Per=180 A (GasEx): Slp<0.5 Std<0.5 Per=120","21","C:/Users/eloch/Documents/RLib-4.4.2/PhotoGEA/extdata/ball_berry_1.xlsx"
"21","1629742488.1","13440","20210823 13:14:48","13:14:48","0","soybean","1b","ripe4","1.65977549874209","1629742488.1","0.00235684526880005","2.35684526880005","9.27603084625769","415.028","332.364095575622","32.992748353925","41.1985366232716","0.203084466567234","2.91643285061835","0.195542448429226","0.122868314522298","33.0608003224601","32.2925574072837","32.2251","4.83625999926249","74.2616445664195","3.6912005154118","4.97053430066499","1.14505948385069","-103.936876354082","76.3355183675516","5.96324543307902","11.4226877690086","4","1","1","0","51500.5736341836","RECT-12243-20210724-05_20_30","10238.9","302.212","4052.3","0.925422105964514","-0.323430118240924","MPF-13060-20210823-13_14_25","10215.5","686.103961538462","2490.41","0.724501603535778","0.5","168.644099648943","9.27603084625769","61.0914603112534","0.0569214160737392","0.627161792636554","288.708412975178","DARK-13061-20210823-13_14_33","804.36","804.36","0.677017037355295","1.07013791907805","0.480886346422656","0.824562511464473","0.416494226268824","1.25458558009122","-0.254585580091221","200.07","168.644099648943","0.8429254743287","0.165246165454392","6","0.5","0: Broadleaf","2","1629742488.1","415.028","427.330146447104","37.184611228278","34.4622","422.676","37.4875","500.117","99.1669","0.0999847","32.7106","32.2251","999.9","0","0","10008.8","0","1930.93","-9.44791","431.183","439.626","3.00484","424.476","34.4622","3.71549","3.41751","27.638","26.2154","200.07","0.899999","0.100001","0","686.039","5.00012","2073.67","1648.31","46.437","51.125","48.812","50.625","49.437","175.56","19.51","0","579.400000095367","0","686.103961538462","-0.634837593595197","30.6270085499821","2069.93384615385","15","1629742004.1","13:06:44","1629741995.6","1629742004.1","38","-0.12","0.03","-7.686","-0.02","423","35","0.16","0.07","6.86131724266535","-0.0260850957666787","0.0525765117622052","1","0.234504272196855","0.00110887256682586","0.00399870427736424","1","2","2","2/2","2.92892","2.74035","0.0933061","0.095169","0.155423","0.148471","28064.2","27618.8","28224.6","27983.3","32854.1","33553","42670.7","43684.4","1.7015","1.82075","-0.0670776","0","33.3118","999.9","48.712","42.309","41.1536","62.5092","29.351","1","1.14993","3.30904","20.3222","5.27449","12.0937","5.012","3.292","9999","9999","9999","999.9","1.87194","1.87274","1.87227","1.87606","1.86986","1.87273","1.87282","1.87424","5","0","0","0","11111111","oooooooo","off","off","off","off","0","100","100","-7.648","-0.0204","-5.59081491158615","-0.00522648535208131","8.80926177612275e-07","-7.15438165096332e-11","-0.0204333333333295","0","0","0","3","2051","1","25","8.2","8.1","18","506.95","502.833","30.0006","40.6059","30.0006","40.6779","40.6442","22.7049","18.6977","32.6084","30","424.497","34.4366","98.9492","96.8799","Stability Definition: gsw (GasEx): Slp<0.004 Std<0.004 Per=180 A (GasEx): Slp<0.5 Std<0.5 Per=120","21","C:/Users/eloch/Documents/RLib-4.4.2/PhotoGEA/extdata/ball_berry_1.xlsx"
"22","1629744252","15203.9000000954","20210823 13:44:12","13:44:12","0","tobacco","2","ripe4","5.32040832116558","1629744252","0.00395437028388257","3.95437028388257","29.6145354048407","415.171","236.653442432379","23.4842973075045","41.1994818129042","0.29002834838466","2.9172873304286","0.274908901756617","0.17311077648968","321.512822861423","34.4454027030194","33.6995","5.25410086731365","74.5876716588834","3.89245934923644","5.218636354595","1.36164151807721","-174.387729519221","-19.0462198209816","-1.50460592824294","126.574267592978","3","1","1","0","51378.1640456553","RECT-12243-20210724-05_20_30","10238.9","302.212","4052.3","0.925422105964514","-0.323430118240924","MPF-13062-20210823-13_43_49","10244.8","920.635269230769","1544.69","0.403999981076612","0.5","1681.2134999282","29.6145354048407","339.605111078368","0.0178073549399646","1.62337426927086","269.57512362006","DARK-13063-20210823-13_43_57","621.72","621.72","0.597511474794295","0.676137610939934","0.730958030420512","0.50226622183188","0.668680308302098","0.45660674701808","0.54339325298192","2000.02","1681.2134999282","0.840598343980659","0.160754803882673","6","0.5","0: Broadleaf","2","1629744252","415.171","452.668331049919","39.2246739369348","34.6668","422.609","39.5116","500.136","99.1351","0.0998702","33.5784","33.6995","999.9","0","0","10016.9","0","570.029","-35.3893","432.227","466.741","4.79327","450.56","34.6668","3.91188","3.4367","28.5221","26.3102","2000.02","0.980007","0.0199934","0","920.313","5.00012","18884.2","17384.9","53.312","55.062","54.187","54.187","55","1955.13","39.89","0","1763.40000009537","0","920.635269230769","-3.36365812555713","-177.757264738345","18901.4923076923","15","1629743121.1","13:25:21","1629743114.1","1629743121.1","40","0.019","0.001","-7.644","-0.052","461","30","0.06","0.01","28.1491026892307","-0.385091533939379","0.226469288940153","1","0.32104399291888","-0.00701412859736782","0.00669326227780303","0","1","2","1/2","2.92902","2.7403","0.0932921","0.0995328","0.160955","0.149022","28067.4","27480.6","28226.8","27977.9","32643.9","33526.6","42675.3","43678.6","1.70455","1.82148","0.0280589","0","33.2455","999.9","47.906","42.5","40.8965","62.4191","29.1306","1","1.14486","3.25498","20.3053","5.2718","12.0935","5.01105","3.292","9999","9999","9999","999.9","1.87187","1.8727","1.87225","1.87592","1.86981","1.87271","1.87272","1.87412","5","0","0","0","11111111","oooooooo","off","off","off","off","0","100","100","-7.438","-0.0516","-5.38059718396253","-0.00522648535208131","8.80926177612275e-07","-7.15438165096332e-11","-0.0515250000000016","0","0","0","3","2051","1","25","19","18.8","18","509.218","503.179","29.9977","40.498","30.0002","40.6414","40.6183","23.8024","18.2374","37.6448","30","450.427","34.7133","98.9586","96.8648","Stability Definition: gsw (GasEx): Slp<0.004 Std<0.004 Per=180 A (GasEx): Slp<0.5 Std<0.5 Per=120","21","C:/Users/eloch/Documents/RLib-4.4.2/PhotoGEA/extdata/ball_berry_1.xlsx"
"23","1629744755.5","15707.4000000954","20210823 13:52:35","13:52:35","0","tobacco","2","ripe4","4.64054237571741","1629744755.5","0.00315575152156186","3.15575152156186","25.4922783084931","415.008","245.42452334267","24.3565204088118","41.1863928027552","0.260959988617856","2.91904428071029","0.248657324256144","0.156467831074862","177.838646751068","33.357226868601","32.9842","5.04762359647405","75.5468847058721","3.84454769298032","5.08895596151761","1.20307590349373","-139.168642100878","22.8503440159913","1.79378088354163","63.3141295497224","2","0","1","0","51503.2094220346","RECT-12243-20210724-05_20_30","10238.9","302.212","4052.3","0.925422105964514","-0.323430118240924","MPF-13064-20210823-13_52_13","10268.7","988.0962","2249.48","0.560744616533599","0.5","925.165499871019","25.4922783084931","259.390786727645","0.0279038814464364","0.801438554688195","285.167644091632","DARK-13065-20210823-13_52_20","671.79","671.79","0.701357647100663","0.799513085587156","0.533298230148705","0.647771031003437","0.480740718617803","0.5435755099216","0.4564244900784","1099.98","925.165499871019","0.841074837607065","0.161674436581636","6","0.5","0: Broadleaf","2","1629744755.5","415.008","447.164668949409","38.7389606224909","35.0994","422.6","38.385","500.088","99.1426","0.0998069","33.1294","32.9842","999.9","0","0","10026.2","0","1852.28","-28.8982","431.561","460.053","3.25703","443.906","35.0994","3.80276","3.47985","28.0358","26.5217","1099.98","0.964008","0.0359919","0","988.764","5.00012","11664.7","9483.95","50.5","53.562","52.187","52.75","52.75","1055.57","39.41","0","502.800000190735","0","988.0962","4.92584616057523","57.7999998159872","11658.864","15","1629744340.5","13:45:40","1629744332.5","1629744340.5","41","-0.155","0.023","-7.729","-0.029","445","35","0.04","0.03","22.9763348138015","-0.0538062951051867","0.0585276975701174","1","0.231530090523572","-0.00133510345670469","0.00398144505470901","1","2","2","2/2","2.92919","2.74033","0.0933909","0.0985413","0.158036","0.150417","28091.7","27545.9","28252.1","28011.1","32783.3","33506.1","42714.2","43726.4","1.70985","1.83053","0.00037998","0","32.9781","999.9","49.054","42.349","41.5436","62.2791","29.3149","1","1.09413","3.05459","20.3201","5.27509","12.0938","5.01215","3.292","9999","9999","9999","999.9","1.87191","1.87271","1.87225","1.87603","1.86986","1.87272","1.87283","1.87423","5","0","0","0","11111111","oooooooo","off","off","off","off","0","100","100","-7.592","-0.0285","-5.53520927439951","-0.00522648535208131","8.80926177612275e-07","-7.15438165096332e-11","-0.0285049999999885","0","0","0","3","2051","1","25","7","6.9","18","509.855","506.578","30.0013","39.984","30.0002","40.1867","40.1775","23.5447","19.0506","42.1847","30","443.884","35.0111","99.0482","96.9743","Stability Definition: gsw (GasEx): Slp<0.004 Std<0.004 Per=180 A (GasEx): Slp<0.5 Std<0.5 Per=120","21","C:/Users/eloch/Documents/RLib-4.4.2/PhotoGEA/extdata/ball_berry_1.xlsx"
"24","1629745065.1","16017","20210823 13:57:45","13:57:45","0","tobacco","2","ripe4","4.06147336950962","1629745065.1","0.00279777322817617","2.79777322817617","22.2181651405453","415.014","259.048737526996","25.7065561421497","41.183681467146","0.247159756256923","2.91388120888849","0.236075569379077","0.148501673474479","129.988854747889","32.8063999222123","32.4841","4.90749306113495","75.8644243712871","3.78294416716725","4.9864533983059","1.1245488939677","-123.381799362569","44.5044932857285","3.48508316066283","54.5966318317111","3","1","1","0","51418.3435375787","RECT-12243-20210724-05_20_30","10238.9","302.212","4052.3","0.925422105964514","-0.323430118240924","MPF-13066-20210823-13_57_22","10275.9","943.830423076923","2442.52","0.613583338897154","0.5","673.23113385901","22.2181651405453","206.541703481364","0.0334826987717816","0.659065227715638","288.053673216411","DARK-13067-20210823-13_57_30","685.05","685.05","0.719531467500778","0.85275400258501","0.478069641398768","0.700221452670866","0.429264593257545","0.618945008751058","0.381054991248942","800.046","673.23113385901","0.841490531618194","0.162476726023115","6","0.5","0: Broadleaf","2","1629745065.1","415.014","443.059937171484","38.1212833496973","34.893","422.524","37.9176","500.164","99.1343","0.100139","32.7674","32.4841","999.9","0","0","9997.5","0","491.562","-25.4021","431.368","456.339","3.02017","440.416","34.893","3.7585","3.4591","27.835","26.4203","800.046","0.950003","0.0499972","0","944.838","5.00012","7648.49","6849.35","49.687","52.937","51.562","52.375","52.125","755.3","39.75","0","309","0","943.830423076923","6.82259830172219","93.3117948939439","7636.275","15","1629744850.5","13:54:10","1629744850.5","1629744843.5","42","0.082","0.024","-7.625","-0.004","440","35","0.09","0.04","20.1237828206592","-0.117120251697776","0.0796349146921774","1","0.225483825365043","-0.0013376205334786","0.00397223334702441","1","2","2","2/2","2.92929","2.7404","0.0933472","0.097933","0.156703","0.149793","28084.6","27549.7","28244.3","27996.8","32828.9","33514.9","42705.4","43704.9","1.70798","1.82765","-0.00828132","0","32.6183","999.9","49.738","42.238","41.8783","62.1764","29.2107","1","1.11288","2.81298","20.3262","5.27464","12.0938","5.01225","3.292","9999","9999","9999","999.9","1.87195","1.87271","1.87225","1.87605","1.86984","1.87273","1.87278","1.87423","5","0","0","0","11111111","oooooooo","off","off","off","off","0","100","100","-7.51","-0.0044","-5.45348938252564","-0.00522648535208131","8.80926177612275e-07","-7.15438165096332e-11","-0.00440999999999292","0","0","0","3","2051","1","25","3.6","3.7","18","508.983","504.882","29.9961","40.1472","30","40.2705","40.2371","23.3776","20.7535","44.1647","30","440.292","34.7912","99.0251","96.9259","Stability Definition: gsw (GasEx): Slp<0.004 Std<0.004 Per=180 A (GasEx): Slp<0.5 Std<0.5 Per=120","21","C:/Users/eloch/Documents/RLib-4.4.2/PhotoGEA/extdata/ball_berry_1.xlsx"
"25","1629745473.1","16425","20210823 14:04:33","14:04:33","0","tobacco","2","ripe4","2.96404713759883","1629745473.1","0.00255786932996423","2.55786932996423","16.3458881236346","414.999","287.305387377503","28.5118476229863","41.18401106118","0.223952297299264","2.9113330968679","0.214802886098551","0.135042694743078","106.056162735507","32.548443250278","32.2591","4.84555943433431","75.2529681319552","3.71479342642181","4.93640785026309","1.1307660079125","-112.802037451423","51.6698460411184","4.04170680843403","48.9656781336369","2","0","1","0","51376.7013203655","RECT-12243-20210724-05_20_30","10238.9","302.212","4052.3","0.925422105964514","-0.323430118240924","MPF-13068-20210823-14_04_10","10285.5","905.837076923077","2519.28","0.64043811052242","0.5","547.200841624615","16.3458881236346","175.224136543173","0.0304628885298952","0.608515131307358","289.092469999418","DARK-13069-20210823-14_04_18","697.61","697.61","0.723091518211552","0.88569440298019","0.456978141050291","0.727737229113822","0.408795740259962","0.682097573839406","0.317902426160594","650.001","547.200841624615","0.841846153505325","0.163163076265278","6","0.5","0: Broadleaf","2","1629745473.1","414.999","435.883078267239","37.4328657517473","34.479","422.596","37.212","500.115","99.1387","0.10012","32.5883","32.2591","999.9","0","0","9982.5","0","1742.83","-22.6178","431.026","453.244","2.70497","437.617","34.479","3.68637","3.4182","27.5035","26.2188","650.001","0.937981","0.0620192","0","905.702","5.00012","6495.17","5531.09","47.937","51.5","49.937","50.812","50.5","605","40","0","407.399999856949","0","905.837076923077","-0.210461545677984","-0.058461509089691","6495.76807692308","15","1629745137.1","13:58:57","1629745137.1","1629745132.1","43","-0.086","-0.024","-7.697","-0.028","437","35","0.09","0.03","17.8945128128237","0.012978287288762","0.0478746592792567","1","0.202373543572079","-0.00241152411108236","0.00390116176473344","1","2","2","2/2","2.92946","2.74025","0.0934529","0.0975556","0.154887","0.148732","28110.5","27597.4","28271.3","28031.2","32926.1","33593.3","42744.3","43755.8","1.7145","1.8362","-0.00204891","0","32.2924","999.9","49.615","42.077","41.4233","62.5364","29.2428","1","1.05857","2.59319","20.3326","5.27539","12.0937","5.01295","3.292","9999","9999","9999","999.9","1.87195","1.87271","1.87226","1.87607","1.86986","1.87274","1.87282","1.87423","5","0","0","0","11111111","oooooooo","off","off","off","off","0","100","100","-7.597","-0.0281","-5.53964021196499","-0.00522648535208131","8.80926177612275e-07","-7.15438165096332e-11","-0.0280619047618984","0","0","0","3","2051","1","25","5.6","5.7","18","510.917","508.247","30.0016","39.6162","29.9999","39.8503","39.8436","23.2683","20.1319","44.2783","30","437.747","34.5041","99.1171","97.0412","Stability Definition: gsw (GasEx): Slp<0.004 Std<0.004 Per=180 A (GasEx): Slp<0.5 Std<0.5 Per=120","21","C:/Users/eloch/Documents/RLib-4.4.2/PhotoGEA/extdata/ball_berry_1.xlsx"
"26","1629745788.1","16740","20210823 14:09:48","14:09:48","0","tobacco","2","ripe4","2.20746871556993","1629745788.1","0.00253735961401498","2.53735961401498","12.1063466856412","415.008","318.27899272997","31.5854903852659","41.1847199885088","0.223481298213357","2.91527072474213","0.214381257701094","0.134775011694947","82.0991915689828","32.4644689309627","32.3483","4.87003079537736","75.6724716794881","3.74646300513472","4.95089287026718","1.12356779024263","-111.897558978061","45.8930779911912","3.58747543712149","19.6821860192347","2","0","1","0","51479.020981946","RECT-12243-20210724-05_20_30","10238.9","302.212","4052.3","0.925422105964514","-0.323430118240924","MPF-13070-20210823-14_09_25","10288.7","855.14036","2547.65","0.664341506878888","0.5","421.218553973566","12.1063466856412","139.916484436073","0.0295090913888426","0.590603104822091","289.462359505822","DARK-13071-20210823-14_09_33","715.38","715.38","0.719200047102232","0.923722835608289","0.450909821032569","0.7537547863713","0.401230584455618","0.772753658986997","0.227246341013003","500.036","421.218553973566","0.84237645684224","0.164186561705523","6","0.5","0: Broadleaf","2","1629745788.1","415.008","430.798582264746","37.7521595210255","34.8224","422.43","37.4402","500.021","99.1387","0.0996761","32.6403","32.3483","999.9","0","0","10005","0","1779.84","-18.8371","431.152","449.497","2.62184","433.845","34.8224","3.71217","3.45225","27.6227","26.3867","500.036","0.919978","0.080022","0","855.355","5.00012","4895.66","4215.66","47.562","51.562","49.75","50.875","50.25","455.42","39.61","0","314.399999856949","0","855.14036","0.555076945746989","52.0338461594433","4889.9736","15","1629745564.6","14:06:04","1629745564.6","1629745564.6","44","0.174","0.032","-7.508","0.004","434","35","0.14","0.04","14.7079768700578","-0.000432176347348581","0.0394702145880721","1","0.197218405839367","-0.00394887807248536","0.00373812359513829","1","2","2","2/2","2.92918","2.74002","0.0934295","0.0969293","0.155528","0.149732","28103.2","27609.4","28263.7","28024.3","32891","33547","42730.3","43746.3","1.7132","1.83543","-0.0246577","0","32.7479","999.9","49.786","42.037","41.4816","62.3864","29.6434","1","1.07121","2.78278","20.3305","5.27135","12.0938","5.01275","3.292","9999","9999","9999","999.9","1.87195","1.87271","1.87226","1.87602","1.86981","1.87271","1.87277","1.87422","5","0","0","0","11111111","oooooooo","off","off","off","off","0","100","100","-7.422","0.004","-5.36597025873641","-0.00522648535208131","8.80926177612275e-07","-7.15438165096332e-11","0.00398499999999302","0","0","0","3","2051","1","25","3.7","3.7","18","509.72","507.44","30.0008","39.7057","30.0004","39.8384","39.8149","23.111","19.4385","44.7778","30","433.768","34.7477","99.0868","97.019","Stability Definition: gsw (GasEx): Slp<0.004 Std<0.004 Per=180 A (GasEx): Slp<0.5 Std<0.5 Per=120","21","C:/Users/eloch/Documents/RLib-4.4.2/PhotoGEA/extdata/ball_berry_1.xlsx"
"27","1629746202.6","17154.5","20210823 14:16:42","14:16:42","0","tobacco","2","ripe4","2.20446991490113","1629746202.6","0.00219760456086841","2.19760456086841","12.044691604839","415.032","311.963857949008","30.959066153171","41.187473536704","0.206087285363204","2.90607191822689","0.19829862077913","0.124611893217842","57.8691601734257","32.0483704786798","31.8627","4.73810010883685","75.9608952838336","3.68497436086968","4.85114656311053","1.05312574796717","-96.9143611342969","65.3009518096705","5.09950201972678","31.3552528685262","3","1","1","0","51280.2492564421","RECT-12243-20210724-05_20_30","10238.9","302.212","4052.3","0.925422105964514","-0.323430118240924","MPF-13072-20210823-14_16_20","10286.9","807.837692307692","2595.54","0.688759297753958","0.5","295.096298949961","12.044691604839","101.625159817284","0.0419121546664235","0.56125507601501","290.070456621657","DARK-13073-20210823-14_16_28","757.3","757.3","0.708230271928","0.972507565765247","0.442112291350531","0.779523167942967","0.388460217466897","0.911668255352349","0.0883317446476506","350.073","295.096298949961","0.842956466079822","0.165305979534056","6","0.5","0: Broadleaf","2","1629746202.6","415.032","430.578380190553","37.1322187940847","34.5933","422.443","36.7782","500.056","99.1386","0.100672","32.2795","31.8627","999.9","0","0","9952.5","0","836.961","-13.5168","430.879","443.905","2.18458","428.549","34.5933","3.6461","3.42953","27.3159","26.2748","350.073","0.900029","0.0999707","0","808.343","5.00012","2997.65","2915.86","46.812","50.625","49.062","50.25","49.625","310.58","34.5","0","414.100000143051","0","807.837692307692","1.55623931888158","199.960000305816","2981.52269230769","15","1629745865.1","14:11:05","1629745863.1","1629745865.1","45","0.011","-0.004","-7.474","0","429","35","0.12","0.03","10.602570879802","-0.0650445029123629","0.0556585126728243","1","0.175266763430447","-0.00270587319496526","0.00399586540450847","1","2","2","2/2","2.92918","2.74055","0.0933985","0.0960039","0.153636","0.149036","28100.3","27626.7","28260.3","28013.7","32966.2","33562.5","42732","43730","1.71133","1.83242","-0.0121184","0","32.0592","999.9","49.738","42.127","41.6365","62.6864","29.0946","1","1.08427","2.46635","20.3369","5.27449","12.0937","5.0122","3.292","9999","9999","9999","999.9","1.87195","1.87271","1.87226","1.87603","1.86982","1.87271","1.8728","1.87422","5","0","0","0","11111111","oooooooo","off","off","off","off","0","100","100","-7.411","-4e-04","-5.35520552624462","-0.00522648535208131","8.80926177612275e-07","-7.15438165096332e-11","-0.000405000000000655","0","0","0","3","2051","1","25","5.7","5.6","18","509.161","506.044","29.998","39.8343","29.9996","39.9582","39.9246","22.8724","20.3449","45.7867","30","428.537","34.6204","99.0845","96.9827","Stability Definition: gsw (GasEx): Slp<0.004 Std<0.004 Per=180 A (GasEx): Slp<0.5 Std<0.5 Per=120","21","C:/Users/eloch/Documents/RLib-4.4.2/PhotoGEA/extdata/ball_berry_1.xlsx"
"28","1629746858","17809.9000000954","20210823 14:27:38","14:27:38","0","tobacco","2","ripe4","1.41052551026258","1629746858","0.000974291357017347","0.974291357017347","7.84987023442994","414.988","255.269998024059","25.3270166655669","41.1736908895172","0.0830174517737931","2.91291274582228","0.0817250983210336","0.0511926233768243","33.0872713575475","32.1191441801697","31.8318","4.72981134882778","74.56825947077","3.59662616990564","4.82326689054004","1.13318517892214","-42.966248844465","54.289057090073","4.22683749941509","48.6369171025706","2","0","1","0","51490.0025354057","RECT-12243-20210724-05_20_30","10238.9","302.212","4052.3","0.925422105964514","-0.323430118240924","MPF-13074-20210823-14_27_15","10279.7","765.610653846154","2733.69","0.719935086331605","0.5","168.783527957278","7.84987023442994","60.7565918856381","0.0484247512277362","0.482355351191979","291.718014371613","DARK-13075-20210823-14_27_23","851.44","851.44","0.688538202941811","1.0455993338578","0.411954912117368","0.809416883950357","0.35162108195861","1.16281701717121","-0.162817017171212","200.236","168.783527957278","0.842922990657417","0.165241371968814","6","0.5","0: Broadleaf","2","1629746858","414.988","424.892017137567","36.2502527403198","35.1236","422.455","36.5103","500.051","99.1166","0.0999819","32.1775","31.8318","999.9","0","0","9993.75","0","1068.91","-7.17416","430.708","437.53","1.37407","422.162","35.1236","3.61752","3.48133","27.1816","26.529","200.236","0.900093","0.0999067","0","765.579","5.00012","1770.61","1649.78","45.125","49.125","47.375","48.812","48.062","175.73","19.51","0","655.200000047684","0","765.610653846154","0.986017089897323","-2275.75487187103","2027.13807692308","15","1629746264.6","14:17:44","1629746255.1","1629746264.6","46","-0.055","-0.012","-7.502","-0.013","423","35","0.53","0.06","5.51576925711009","-0.0857051845321211","0.0656615942112792","1","0.10792054087934","-0.00349072358246621","0.00393336344825877","1","2","2","2/2","2.9295","2.74021","0.0934906","0.0950086","0.153012","0.150682","28129.6","27696.4","28290.1","28050.8","33022.3","33536.8","42777.3","43784.4","1.71782","1.84242","-0.0177547","0","32.1198","999.9","49.713","42.127","41.6227","62.5164","29.7957","1","1.02927","2.43124","20.3398","5.2718","12.0938","5.0122","3.292","9999","9999","9999","999.9","1.87195","1.87271","1.87225","1.87606","1.86982","1.87272","1.87279","1.87424","5","0","0","0","11111111","oooooooo","off","off","off","off","0","100","100","-7.467","-0.0127","-5.41052909885032","-0.00522648535208131","8.80926177612275e-07","-7.15438165096332e-11","-0.0126952380952403","0","0","0","3","2051","1","25","10","9.9","18","510.413","509.842","30.0003","39.2617","29.9999","39.4642","39.4505","22.6245","19.0453","48.4275","30","422.074","35.0627","99.1894","97.1064","Stability Definition: gsw (GasEx): Slp<0.004 Std<0.004 Per=180 A (GasEx): Slp<0.5 Std<0.5 Per=120","21","C:/Users/eloch/Documents/RLib-4.4.2/PhotoGEA/extdata/ball_berry_1.xlsx"
